"–ù–∞–∑–≤–∞–Ω–∏–µ";"ID";"–ü—Ä–æ—Å–º–æ—Ç—Ä—ã";"–ö–∞–Ω–∞–ª";"–ò—Å—Ö–æ–¥–Ω–æ–µ –≤–∏–¥–µ–æ";"–ú–∏–Ω–∏–∞—Ç—é—Ä–∞"
"–ë–µ–∑ –Ω–∞–∑–≤–∞–Ω–∏—è";"B72N2gsQvQk";"–ù–µ–∏–∑–≤–µ—Å—Ç–Ω–æ";"–ù–µ–∏–∑–≤–µ—Å—Ç–µ–Ω";"ez2Z5RWMQ4I";"https://tpc.googlesyndication.com/simgad/9738184138823070878"
"–ù–µ –ø–æ–¥—Ä–∞–∂–∞–π –°–∞—Ç–∞–Ω–µ | –í—ã—Å–æ–∫–æ–º–µ—Ä–∏–µ –ö–∞–≤–∫–∞–∑—Ü–µ–≤ | –ê–±—É –£–º–∞—Ä –°–∞—Å–∏—Ç–ª–∏–Ω—Å–∫–∏–π";"wNX-CbWeLXo";"16K";"–ê–±—É –£–º–∞—Ä –°–∞—Å–∏—Ç–ª–∏–Ω—Å–∫–∏–π";"ez2Z5RWMQ4I";""
"–ö–∏–µ–≤—Å—Ç–æ–Ω–µ—Ä ‚Äì –£–∫—Ä–∞–∏–Ω–∞, –¢–¶–ö, –±—Ä–∞—Ç—å—è –∏–∑ –†–æ—Å—Å–∏–∏";"I_wcxvCjU6c";"3M";"–≤–î—É–¥—å";"ez2Z5RWMQ4I";"https://i.ytimg.com/vi/I_wcxvCjU6c/hq720.jpg?sqp=-oaymwEnCNAFEJQDSFryq4qpAxkIARUAAIhCGAHYAQHiAQoIGBACGAY4AUAB&rs=AOn4CLA698kWLaFzUzuNJFIksKxgN7NOYg"
"–ê—Ö–º–∞–¥ –î–∂–∏–±—Ä–∏–ª—å - –ß—Ç–æ –ø—Ä–æ–∏—Å—Ö–æ–¥–∏—Ç –≤ –ì–∞–∑–µ? (–Ω–∞—Å–∏–ª—å—Å—Ç–≤–µ–Ω–Ω—ã–π –≥–æ–ª–æ–¥)";"gYoH-FSprm8";"13K";"Al Muhtadun";"ez2Z5RWMQ4I";""
"–ö–æ—Ä–µ–π—Å–∫–∏–π –¥–ª—è —Å–Ω–∞. 100 –±–∞–∑–æ–≤—ã—Ö –≥–ª–∞–≥–æ–ª–æ–≤ —Å –ø—Ä–∏–º–µ—Ä–∞–º–∏";"l7gRhfJz6QM";"72K";"–®–∫–æ–ª–∞ –∫–æ—Ä–µ–π—Å—å–∫–æ—ó –º–æ–≤–∏ –ö–æ—Ä–µ–π—Å—å–∫–∞ –º–æ–≤–∞";"ez2Z5RWMQ4I";""
"–ë–µ–∑ –Ω–∞–∑–≤–∞–Ω–∏—è";"8pcYeajTO1Y";"–ù–µ–∏–∑–≤–µ—Å—Ç–Ω–æ";"–ù–µ–∏–∑–≤–µ—Å—Ç–µ–Ω";"ez2Z5RWMQ4I";"https://i.ytimg.com/vi/8pcYeajTO1Y/hq720.jpg?sqp=-oaymwFBCNAFEJQDSFryq4qpAzMIARUAAIhCGAHYAQHiAQoIGBACGAY4AUAB8AEB-AH-CYAC0AWKAgwIABABGEsgYShlMA8=&rs=AOn4CLBelCY8XJJh1sRBvFE6SDo3L7ZOGA"
"Simple but powerful words! My friend amazed me!";"5IMeRt9Ui1Q";"260";"NURTV PLUS";"ez2Z5RWMQ4I";""
"–û–¥–Ω–∞–∂–¥—ã –≤ –†–æ—Å—Å–∏–∏ 6 —Å–µ–∑–æ–Ω, –≤—ã–ø—É—Å–∫ 14";"mqdBJOSuPmg";"919K";"–°–µ—Ä–∏–∞–ª—ã –∏ –®–æ—É";"ez2Z5RWMQ4I";"https://i.ytimg.com/vi/mqdBJOSuPmg/hq720.jpg?sqp=-oaymwEnCNAFEJQDSFryq4qpAxkIARUAAIhCGAHYAQHiAQoIGBACGAY4AUAB&rs=AOn4CLCbqUrdGxnjbFgL83hMdJcqf8OOOg"
"–í–∏–¥—ã —Ä–∞–π—Å–∫–∏—Ö –Ω–∞—Å–ª–∞–∂–¥–µ–Ω–∏–π | –°–æ–±—ã—Ç–∏—è –°—É–¥–Ω–æ–≥–æ –î–Ω—è [22] | –£–º–∞—Ä –∏–±–Ω –ê–±–¥—É–ª—å-–ê–∑–∏–∑, –ù—É—Ä—É–¥–¥–∏–Ω –ì–∞–ª–∞–π–∞–Ω–∏";"2x5RL1H1Ylw";"6.8K";"–ì–æ–ª–æ—Å –ò—Å—Ç–∏–Ω—ã";"ez2Z5RWMQ4I";""
"–ê—Ä–∞–±—ã. –ù–∞—Ä–æ–¥ –±–µ–∑ –∏–º–ø–µ—Ä–∏–∏ @posle_zavtra";"rCQEQqRLbP8";"3.8M";"–ü–æ—Å–ª–µ–∑–∞–≤—Ç—Ä–∞";"ez2Z5RWMQ4I";"https://i.ytimg.com/vi/rCQEQqRLbP8/hq720.jpg?sqp=-oaymwEnCNAFEJQDSFryq4qpAxkIARUAAIhCGAHYAQHiAQoIGBACGAY4AUAB&rs=AOn4CLBhdORDgj3iFbl12bznT79-fEBzqQ"
"–Æ–ª–∏–π –¶–µ–∑–∞—Ä—å, –ì–∞–ª–ª—å—Å–∫–∞—è –≤–æ–π–Ω–∞ –∏ –±–∏—Ç–≤–∞ –ø—Ä–∏ –ê–ª–µ–∑–∏–∏ 52 –≥. –¥–æ –Ω.—ç. // –í–µ–ª–∏–∫–∏–µ –±–∏—Ç–≤—ã #4";"Y8sbVB6S07c";"835K";"–ú–∞—Ö–æ–≤–∏–∫ –ò—Å—Ç–æ—Ä–∏–∏";"ez2Z5RWMQ4I";"https://i.ytimg.com/vi/Y8sbVB6S07c/hq720.jpg?sqp=-oaymwEnCNAFEJQDSFryq4qpAxkIARUAAIhCGAHYAQHiAQoIGBACGAY4AUAB&rs=AOn4CLA0uOjQjqx4T-O_qHCdQ_O1ExILCQ"
"The Prophet's Tears for His People Have We Responded with Love?";"X0YpwNwbFsU";"262";"Jalan Tengah Inspiratif";"ez2Z5RWMQ4I";""
"–ì–∏–ø–æ—Ç–µ–∑–∞ –ì–æ–ª—å–¥–±–∞—Ö–∞ ‚Äî –≤—Å–µ –ø–æ–Ω–∏–º–∞—é—Ç, –Ω–∏–∫—Ç–æ –Ω–µ –º–æ–∂–µ—Ç –¥–æ–∫–∞–∑–∞—Ç—å [Veritasium]";"p8f-FVT8SiE";"450K";"Vert Dider";"ez2Z5RWMQ4I";"https://i.ytimg.com/vi/p8f-FVT8SiE/hq720.jpg?sqp=-oaymwEnCNAFEJQDSFryq4qpAxkIARUAAIhCGAHYAQHiAQoIGBACGAY4AUAB&rs=AOn4CLA-rV9mDGzB8uOkWGA96s_fTvkpIg"
"–ì–æ—Ä—ã –æ—Ç–¥–µ–ª—å–Ω–æ, –∞ –±–æ–ª–æ—Ç–∞ –æ—Ç–¥–µ–ª—å–Ω–æ | –ê–±–¥—É–ª–ª–∞—Ö –®–∞–º–∏–ª—å";"Ct2xWzM3aQc";"24K";"–ë–∞—à–Ω—è";"ez2Z5RWMQ4I";""
"Surah Al-Baqarah Mishary Rashed Alafasy ÿ≥Ÿàÿ±ÿ© ÿßŸÑÿ®ŸÇÿ±ÿ© 1422ŸáŸÄ 2001ŸÖ ÿßŸÑÿ¥ŸäÿÆ ŸÖÿ¥ÿßÿ±Ÿä ÿ±ÿßÿ¥ÿØ ÿßŸÑÿπŸÅÿßÿ≥Ÿä";"X2YnP50cwNU";"62M";"Alafasy";"ez2Z5RWMQ4I";""
"–í—ã—Å–∞–¥–∫–∞ –≤ –ù–æ—Ä–º–∞–Ω–¥–∏–∏ | Normandy Landings | History of WWII (Eng sub)";"-zVMqj9Xwh8";"2.3M";"–ú–∞–∫—Å–∏–º –ö–∞—Ü";"ez2Z5RWMQ4I";"https://i.ytimg.com/vi/-zVMqj9Xwh8/hq720.jpg?sqp=-oaymwEnCNAFEJQDSFryq4qpAxkIARUAAIhCGAHYAQHiAQoIGBACGAY4AUAB&rs=AOn4CLBEdyhN2JQ_0VwYV4mPtv1NCIUz3Q"
"Peaceful Nasheed Collection üé∂üåô || Best Islamic Nasheeds by Muhammad Al Muqit | Aliza Typist üå∏";"96lEVPj_zhc";"7.7K";"Aliza Typist";"ez2Z5RWMQ4I";"https://i.ytimg.com/vi/96lEVPj_zhc/hq720.jpg?sqp=-oaymwEnCNAFEJQDSFryq4qpAxkIARUAAIhCGAHYAQHiAQoIGBACGAY4AUAB&rs=AOn4CLCIrGtDRyw-Z06_d8d1fx54cH8bLg"
"–ë–µ–∑ –Ω–∞–∑–≤–∞–Ω–∏—è";"mI5DomGbeok";"–ù–µ–∏–∑–≤–µ—Å—Ç–Ω–æ";"–ù–µ–∏–∑–≤–µ—Å—Ç–µ–Ω";"ez2Z5RWMQ4I";"https://i.ytimg.com/vi/mI5DomGbeok/hq720.jpg?sqp=-oaymwFBCNAFEJQDSFryq4qpAzMIARUAAIhCGAHYAQHiAQoIGBACGAY4AUAB8AEB-AH-DoACuAiKAgwIABABGB4gWyhyMA8=&rs=AOn4CLC-hfMnZy8lOy3PuytKbluGu5Yv6w"
"–ù–æ–µ–≤ –∫–æ–≤—á–µ–≥: –ö–æ—Ä–∞–Ω vs. –ë–∏–±–ª–∏—è. –®–æ–∫–∏—Ä—É—é—â–∏–µ —Ä–∞–∑–ª–∏—á–∏—è –≤ –∏—Å—Ç–æ—Ä–∏—è—Ö –∏—Å–ª–∞–º–∞ –∏ —Ö—Ä–∏—Å—Ç–∏–∞–Ω—Å—Ç–≤–∞!";"_53JP7ARIS4";"377K";"Towards Eternity - –†—É—Å—Å–∫–∏–π";"ez2Z5RWMQ4I";""
"Waarom deze ‚ÄòTHC‚Äô-vapes gevaarlijker zijn dan je denkt | Zembla";"3CFENSl0_hs";"48K";"Zembla";"ez2Z5RWMQ4I";"https://i.ytimg.com/vi/3CFENSl0_hs/hq720.jpg?sqp=-oaymwEnCNAFEJQDSFryq4qpAxkIARUAAIhCGAHYAQHiAQoIGBACGAY4AUAB&rs=AOn4CLAktw1YgpJoUnUVfzgKkGWL6QNzgg"
"BACAAN AL QURAN DENGAN PEMANDANGAN YANG MENYEJUKAN | SALIM BAHANAN";"zVTKISq0x6E";"46K";"Ammar TV";"ez2Z5RWMQ4I";""
"–û—Ç–æ–±—Ä–∞–ª–∏ —É –∏–≥—Ä–æ–∫–æ–≤ –ú–ò–†–ù–£–Æ –ó–û–ù–£ (–Ω–∞—Å –Ω–µ–Ω–∞–≤–∏–¥—è—Ç)";"UTs04g60HrQ";"1.8M";"–ü–û –§–ê–ö–¢–£";"ez2Z5RWMQ4I";"https://i.ytimg.com/vi/UTs04g60HrQ/hq720.jpg?sqp=-oaymwEnCNAFEJQDSFryq4qpAxkIARUAAIhCGAHYAQHiAQoIGBACGAY4AUAB&rs=AOn4CLBR-b9pN-SESqSh5B3AlWaPEZyMjg"
"The Story of Usman Bin Affan Whom Heaven Misses | Ustadz Abdurrahman Daud";"4vTr6u9dX2w";"27";"Bikers Subuhan Pekanbaru";"ez2Z5RWMQ4I";"https://i.ytimg.com/vi/4vTr6u9dX2w/hqdefault.jpg?sqp=-oaymwEnCOADEI4CSFryq4qpAxkIARUAAIhCGAHYAQHiAQoIGBACGAY4AUAB&rs=AOn4CLCFQNUh_Ym67WFtSqu4N3dqrmBvtg"
"–®–∫–æ–ª—å–Ω–æ–µ –û–ë–†–ê–ó–û–í–ê–ù–ò–ï –≤ –°–°–°–†: –ø—Ä–∏–Ω—Ü–∏–ø—ã, —ç–∫—Å–ø–µ—Ä–∏–º–µ–Ω—Ç—ã, —Ñ–æ—Ä–º–∞, —É—á–∏—Ç–µ–ª—è, –ª—é–±–æ–≤—å";"yyfRzZMK3Bw";"777K";"–†–æ—Å—Å–∏—è 90—Ö";"ez2Z5RWMQ4I";"https://i.ytimg.com/vi/yyfRzZMK3Bw/hq720.jpg?sqp=-oaymwEnCNAFEJQDSFryq4qpAxkIARUAAIhCGAHYAQHiAQoIGBACGAY4AUAB&rs=AOn4CLCiHTaOr6zQwJRpbTpkJRr_QvBl8A"
"FENOMENALE WEDSTRIJD BARST LOS OP ANFIELD!! üòçü•µ | Liverpool vs Atl√©tico | Champions League 2025/26";"mYv5dW0SSS4";"331K";"Ziggo Sport";"ez2Z5RWMQ4I";"https://i.ytimg.com/vi/mYv5dW0SSS4/hq720.jpg?sqp=-oaymwEnCNAFEJQDSFryq4qpAxkIARUAAIhCGAHYAQHiAQoIGBACGAY4AUAB&rs=AOn4CLA8INqVPOsEyL7rZfR48g_Q1yW1Cg"
"–ú–∞—Å–æ–Ω—ã: —Å–∞–º–∞—è –º–æ–≥—É—â–µ—Å—Ç–≤–µ–Ω–Ω–∞—è –∫–æ—Ä–ø–æ—Ä–∞—Ü–∏—è –≤ –∏—Å—Ç–æ—Ä–∏–∏ —á–µ–ª–æ–≤–µ—á–µ—Å—Ç–≤–∞";"qfwRfVX2EoU";"51K";"–î–ò–ê–õ–û–ì–ò–ØüéôÔ∏è";"ez2Z5RWMQ4I";""
"ÌïúÍµ≠Ïñ¥ ÎåÄÌôî Îì£Í∏∞ Ï¥àÍ∏â 1.4: listening korean dialogue and story korean korean korean";"Ts7STFYUegk";"118K";"KTS KOREA Íµ≠Ï†Å";"ez2Z5RWMQ4I";""
"Surat AL-KAHFI Irama Khas PP. AL-FALAH Putri Ploso - Wisuda 30 Juz Bilghoib";"WGX09MIAxh8";"1.7M";"Miftakhul Rohmah";"ez2Z5RWMQ4I";""
"A large market on the China-Afghanistan border, trading cattle and sheep, and rare delicacies";"EZNh8uMhS0k";"1M";"Ëôé‰∏âËµ∞‰∏ñÁïå";"ez2Z5RWMQ4I";""
"All US States Explained in 45 Minutes";"WePPk0tjjyU";"34K";"–≠–Ω—Ç–æ–Ω–∏ –ê–º–µ—Ä–∏–∫–∞–Ω–µ—Ü";"ez2Z5RWMQ4I";""
"–ö–∞–∫ —Ö—Ä–∏—Å—Ç–∏–∞–Ω—Å—Ç–≤–æ —Å—Ç–∞–ª–æ –∫—Ä—É–ø–Ω–µ–π—à–µ–π —Ä–µ–ª–∏–≥–∏–µ–π –Ω–∞ –ó–µ–º–ª–µ";"nuv4Up-6_UM";"181K";"–≠–ø–∏—á–Ω–∞—è –ò—Å—Ç–æ—Ä–∏—è";"ez2Z5RWMQ4I";""
"Friday Surah Al Kahf - ÿ≥Ÿàÿ±ÿ© ÿßŸÑŸÉŸáŸÅ | Heart-Melting Voice | Quran for Your Soul | Zikrullah TV";"oxykFZMxAfY";"22K";"Zikrullah TV";"ez2Z5RWMQ4I";""
"–†–£–°–°–ö–û–Ø–ó–´–ß–ù–´–ï –ü–´–¢–ê–Æ–¢–¨–°–Ø –ì–û–í–û–†–ò–¢–¨ –ù–ê –£–ö–†–ê–ò–ù–°–ö–û–ú! –ö–∞–∫ —Ä–µ—à–∞—é—Ç –ø—Ä–æ–±–ª–µ–º—É —è–∑—ã–∫–∞ –≤ –£–∫—Ä–∞–∏–Ω–µ | –ü—Ä–∏–∫–æ–ª—ã 2021";"Dp4ys01LIog";"2.4M";"–î–∏–∑–µ–ª—å –£–∫—Ä–∞—ó–Ω—Å—å–∫—ñ –°–µ—Ä—ñ–∞–ª–∏";"ez2Z5RWMQ4I";""
"–•–æ–ª–æ–¥–Ω–∞—è –≤–æ–π–Ω–∞ ‚Äì —Ä–∞—Å—à–∏—Ä–µ–Ω–Ω–∞—è –≤–µ—Ä—Å–∏—è ‚Äì –Ω–∞ –∫–∞—Ä—Ç–µ";"FmePUEb4SI4";"1.5M";"–ì–µ–æ-–ò—Å—Ç–æ—Ä–∏—è";"ez2Z5RWMQ4I";""
"""–ó–ê–¢–ö–ù–ò–°–¨...–ó–∞–∫—Ä–æ–π —Å–≤–æ–π —Ä–æ—Ç""";"r2fHi6WPmHM";"52K";"–ê–ª–∏—Ñ –¢–í";"ez2Z5RWMQ4I";""
"–ú—ã—Å–ª–∏ –æ–± –æ—Ç—Ü–æ–≤—Å—Ç–≤–µ. –ö–æ–≥–¥–∞ ¬´—Å–∞–º–æ–µ –≤—Ä–µ–º—è¬ª? –ß—Ç–æ —Å –æ—Ç–≤–µ—Ç—Å—Ç–≤–µ–Ω–Ω–æ—Å—Ç—å—é –∑–∞ –ø—Ä–∏–≤–æ–¥ —á–µ–ª–æ–≤–µ–∫–∞ –≤ —ç—Ç–æ—Ç –º–∏—Ä.";"ahIRczFAHz4";"6.7K";"Denis Semenikhin";"ez2Z5RWMQ4I";""
"–ü—Ä—è–º–æ–π —ç—Ñ–∏—Ä Euronews";"lwYzwdBiaho";"–ù–µ–∏–∑–≤–µ—Å—Ç–Ω–æ";"Euronews –ø–æ-—Ä—É—Å—Å–∫–∏";"ez2Z5RWMQ4I";""
"Asking Strangers to Try on a Hijab! SOCIAL EXPERIMENT";"Cv2lAy8-y78";"1.1M";"WAYOFLIFESQ";"ez2Z5RWMQ4I";""
"De Bijbel in de islam - Elbert Pogosjan - lezing en Q&A";"HTNvwuo-ewU";"985";"Logos Instituut";"ez2Z5RWMQ4I";""
"Years later, a Chechen found the house of Kazakhs where his family was saved";"M3lFhJ9CfZQ";"101K";"TENGRI TV";"ez2Z5RWMQ4I";""
"FETƒ∞H SURESƒ∞ VE KALEM SURESƒ∞ - √úZERƒ∞Nƒ∞ZDEKƒ∞ NAZARI ALIP, ƒ∞≈ûLERƒ∞Nƒ∞Zƒ∞ YOLUNA KOYACAK.";"AS6bhyI-68Y";"23K";"KURAN Dƒ∞YARIM";"ez2Z5RWMQ4I";""
"–û–°–¢–†–û–í ""–¢–ï–†–ü–ï–ù–ò–Ø""! –í–î–í–û–ï–ú –ø—Ä–æ—Ç–∏–≤ 20 –ß–ï–õ–û–í–ï–ö –≤ –†–ê–°–¢ RUST";"Kkbyb7Rz3FY";"2.9M";"–î–ï–†–ñ–ò –î–í–ï–†–¨";"ez2Z5RWMQ4I";""
"–í–µ–ª–∏–∫–∞—è –≤–æ–π–Ω–∞. –î–æ–∫—É–º–µ–Ω—Ç–∞–ª—å–Ω—ã–µ –§–∏–ª—å–º—ã. –í—Å–µ —Å–µ—Ä–∏–∏ —Å 1 –ø–æ 4. –ò—Å—Ç–æ—Ä–∏—è –†–æ—Å—Å–∏–∏. –§–∏–ª—å–º –≤–æ–π–Ω–∞. StarMedia";"_dIU7idp_WY";"41M";"Star Media";"ez2Z5RWMQ4I";""
"Funny animals will brighten your day üòç";"HOXYHIq8RfY";"1.4M";"Chibi Neko";"ez2Z5RWMQ4I";""
"–ê—ç—Ä–æ–±—É—Å. C–∞–º—ã–π –±–æ–ª—å—à–æ–π –ø–∞—Å—Å–∞–∂–∏—Ä—Å–∫–∏–π –∞–≤–∏–∞–ª–∞–π–Ω–µ—Ä. –û–±–∑–æ—Ä";"3TepKZL_kUE";"10M";"–ê–Ω–∞—Ç–æ–º–∏—è –ú–æ–Ω—Å—Ç—Ä–æ–≤";"ez2Z5RWMQ4I";"https://i.ytimg.com/vi/3TepKZL_kUE/hqdefault.jpg?sqp=-oaymwEmCKgBEF5IWvKriqkDGQgBFQAAiEIYAdgBAeIBCggYEAIYBjgBQAE=&rs=AOn4CLCZQPkjt_5leE2dDqVMS0kwFmGpcg"
"Comedy Club: –¢–µ–ª–µ—Ñ–æ–Ω–Ω—ã–µ –º–æ—à–µ–Ω–Ω–∏–∫–∏ | –¢–∏–º—É—Ä –ë–∞—Ç—Ä—É—Ç–¥–∏–Ω–æ–≤, –î–µ–º–∏—Å –ö–∞—Ä–∏–±–∏–¥–∏—Å @ComedyClubRussia";"_11FKsXZwMs";"6.3M";"Comedy Club";"ez2Z5RWMQ4I";"https://i.ytimg.com/vi/_11FKsXZwMs/hqdefault.jpg?sqp=-oaymwEmCKgBEF5IWvKriqkDGQgBFQAAiEIYAdgBAeIBCggYEAIYBjgBQAE=&rs=AOn4CLAzey1s5n_qg1bXGVsfpRWIWaUnwg"
"Azores Islands. The green wonder of Atlantic. Big Episode.";"wC-4aR4SgLU";"20M";"–ê–Ω—Ç–æ–Ω –ü—Ç—É—à–∫—ñ–Ω";"ez2Z5RWMQ4I";"https://i.ytimg.com/vi/wC-4aR4SgLU/hqdefault.jpg?sqp=-oaymwEmCKgBEF5IWvKriqkDGQgBFQAAiEIYAdgBAeIBCggYEAIYBjgBQAE=&rs=AOn4CLCTZEfWuQLPS3Z71nrXEG2K66OEnQ"
"–ö—Ä–∞–±—ã. –°–∞–º—ã–π –æ–ø–∞—Å–Ω—ã–π –ø—Ä–æ–º—ã—Å–µ–ª";"3xI72yL_uI0";"1.8M";"–ê–Ω–∞—Ç–æ–º–∏—è –ú–æ–Ω—Å—Ç—Ä–æ–≤";"ez2Z5RWMQ4I";"https://i.ytimg.com/vi/3xI72yL_uI0/hqdefault.jpg?sqp=-oaymwEmCKgBEF5IWvKriqkDGQgBFQAAiEIYAdgBAeIBCggYEAIYBjgBQAE=&rs=AOn4CLAFnx7ewYQi5pcSB6_n8ghQDx-08g"
"–ü–æ—Å–ª–µ–¥–Ω–∏–π –∫—Ä—É–∏–∑ –≥–∏–≥–∞–Ω—Ç–∞: –∏—Å—Ç–æ—Ä–∏—è ""–ö–æ—Å—Ç–∞ –ö–æ–Ω–∫–æ—Ä–¥–∏–∏""";"0eoHolGurQA";"7.7M";"–ò–Ω—Ç–µ—Ä–Ω–µ—Ç –ò—Å—Ç–æ—Ä–∏–∏";"ez2Z5RWMQ4I";"https://i.ytimg.com/vi/0eoHolGurQA/hqdefault.jpg?sqp=-oaymwEmCKgBEF5IWvKriqkDGQgBFQAAiEIYAdgBAeIBCggYEAIYBjgBQAE=&rs=AOn4CLB0kE4ETxsCXeVFsnlg_Q0Bw4a80g"
"–ö—Ä—É–ø–Ω–µ–π—à–∞—è –º–æ—Ä—Å–∫–∞—è –Ω–µ—Ñ—Ç–µ–¥–æ–±—ã–≤–∞—é—â–∞—è –ø–ª–∞—Ç—Ñ–æ—Ä–º–∞ –≤ –†–æ—Å—Å–∏–∏ // –ê–Ω–∞—Ç–æ–º–∏—è –ú–æ–Ω—Å—Ç—Ä–æ–≤";"XC3TzZGLUWI";"2.7M";"–ê–Ω–∞—Ç–æ–º–∏—è –ú–æ–Ω—Å—Ç—Ä–æ–≤";"ez2Z5RWMQ4I";"https://i.ytimg.com/vi/XC3TzZGLUWI/hqdefault.jpg?sqp=-oaymwEmCKgBEF5IWvKriqkDGQgBFQAAiEIYAdgBAeIBCggYEAIYBjgBQAE=&rs=AOn4CLCP2ZVF9EK2z0hhdZBbZl-UWSucFw"
"–¢—Ä–∏ –ë–ò–õ–ï–¢–ê –Ω–∞ –æ–¥–Ω—É ¬´–í–æ–ª–≥—É¬ª. –†–ê–°–°–¢–†–ï–õ–¨–ù–û–ï –¥–µ–ª–æ –≤ —ç–ø–æ—Ö—É –±—Ä–µ–∂–Ω–µ–≤—Å–∫–æ–≥–æ –∑–∞—Å—Ç–æ—è";"qUOZ3Jvdiu8";"2.6M";"–†–æ—Å—Å–∏—è 90—Ö";"ez2Z5RWMQ4I";"https://i.ytimg.com/vi/qUOZ3Jvdiu8/hqdefault.jpg?sqp=-oaymwEmCKgBEF5IWvKriqkDGQgBFQAAiEIYAdgBAeIBCggYEAIYBjgBQAE=&rs=AOn4CLAz6Ll5VQhtLtYCVdCzcVNtsSz65w"
"–ö–∞–∫–æ–π –±—ã–ª–∞ –ó–µ–º–ª—è –ø–æ—Å–ª–µ –î–∏–Ω–æ–∑–∞–≤—Ä–æ–≤? –ò–∑–º–µ–Ω–µ–Ω–∏–µ –∫–ª–∏–º–∞—Ç–∞";"vH5P6xGJl3o";"10M";"KOSMO";"ez2Z5RWMQ4I";"https://i.ytimg.com/vi/vH5P6xGJl3o/hqdefault.jpg?sqp=-oaymwEmCKgBEF5IWvKriqkDGQgBFQAAiEIYAdgBAeIBCggYEAIYBjgBQAE=&rs=AOn4CLCUsQB8GkcArMAtgP3iLvV-YvDJqg"
"NOW! Trump Declares War in the Caribbean! The US Is Sinking Ships! - Pechiy";"nTOe7hWbWCc";"17K";"–ê–ª–µ–∫—Å–µ–π –ü–ï–ß–ò–ô";"ez2Z5RWMQ4I";"https://i.ytimg.com/vi/nTOe7hWbWCc/hqdefault.jpg?sqp=-oaymwEmCKgBEF5IWvKriqkDGQgBFQAAiEIYAdgBAeIBCggYEAIYBjgBQAE=&rs=AOn4CLBxYkLM2b_HoLAspY8b_7MLddAvTg"
"Alla Pugacheva: a great interview for ‚ÄúTell Gordeeva‚Äù";"D6rFxVPz7UI";"19M";"–°–∫–∞–∂–∏ –ì–æ—Ä–¥–µ–µ–≤–æ–π";"ez2Z5RWMQ4I";"https://i.ytimg.com/vi/D6rFxVPz7UI/hqdefault.jpg?sqp=-oaymwEmCKgBEF5IWvKriqkDGQgBFQAAiEIYAdgBAeIBCggYEAIYBjgBQAE=&rs=AOn4CLDnSeOqVxMcInvoAlqWLa8QAiEzvg"
"–£—á–∏ –∞–Ω–≥–ª–∏–π—Å–∫–∏–µ —Ñ—Ä–∞–∑—ã –í –õ–Æ–ë–û–ï –í–†–ï–ú–Ø ‚ú® –ê–Ω–≥–ª–∏–π—Å–∫–∏–π —è–∑—ã–∫ –Ω–∞ —Å–ª—É—Ö –¥–ª—è –Ω–∞—á–∏–Ω–∞—é—â–∏—Ö";"9v3YuKe_L7A";"–ù–µ–∏–∑–≤–µ—Å—Ç–Ω–æ";"PlayEN | –ê–Ω–≥–ª–∏–π—Å–∫–∏–π –Ω–∞ —Å–ª—É—Ö –¥–ª—è –Ω–∞—á–∏–Ω–∞—é—â–∏—Ö";"ez2Z5RWMQ4I";"https://i.ytimg.com/vi/9v3YuKe_L7A/hqdefault.jpg?v=68bd433f&sqp=-oaymwEmCKgBEF5IWvKriqkDGQgBFQAAiEIYAdgBAeIBCggYEAIYBjgBQAE=&rs=AOn4CLAqZcGQ4-K4vZESh56nuyWIIZZlHw"
"Comedy Club: –û—á–µ–Ω—å –±–æ–≥–∞—Ç—ã–π —á–µ–ª–æ–≤–µ–∫ | –•–∞—Ä–ª–∞–º–æ–≤, –ë–∞—Ç—Ä—É—Ç–¥–∏–Ω–æ–≤, –ö–∞—Ä–∏–±–∏–¥–∏—Å @ComedyClubRussia";"bmmkqjM6adE";"8.9M";"Comedy Club";"ez2Z5RWMQ4I";"https://i.ytimg.com/vi/bmmkqjM6adE/hqdefault.jpg?sqp=-oaymwEmCKgBEF5IWvKriqkDGQgBFQAAiEIYAdgBAeIBCggYEAIYBjgBQAE=&rs=AOn4CLDkpAW6ev7MiST2lPHZmYL3lDPRRQ"
"Road Trip across Europe. Big Episode.";"7Usv7Fa-dUI";"11M";"–ê–Ω—Ç–æ–Ω –ü—Ç—É—à–∫—ñ–Ω";"ez2Z5RWMQ4I";"https://i.ytimg.com/vi/7Usv7Fa-dUI/hqdefault.jpg?sqp=-oaymwEmCKgBEF5IWvKriqkDGQgBFQAAiEIYAdgBAeIBCggYEAIYBjgBQAE=&rs=AOn4CLCivxC7tT3SqoUkUIQEIO4bA6JQLg"
"–ö–∞–∫ –ø–µ—Ä–µ–≤–æ–∑—è—Ç –≥–∞–∑ –ø–æ –º–æ—Ä—é. –û–≥—Ä–æ–º–Ω—ã–π —Ç–∞–Ω–∫–µ—Ä-–≥–∞–∑–æ–≤–æ–∑";"mAmwNIZWBN0";"4.6M";"–ê–Ω–∞—Ç–æ–º–∏—è –ú–æ–Ω—Å—Ç—Ä–æ–≤";"ez2Z5RWMQ4I";"https://i.ytimg.com/vi/mAmwNIZWBN0/hqdefault.jpg?sqp=-oaymwEmCKgBEF5IWvKriqkDGQgBFQAAiEIYAdgBAeIBCggYEAIYBjgBQAE=&rs=AOn4CLBn40Hh_wIDgsN0W5kbIfUYGRhBZQ"
"–ö–æ—Ä–∞–±–ª–µ–∫—Ä—É—à–µ–Ω–∏—è, –ö–æ—Ç–æ—Ä—ã–µ –ë—ã–ª–∏ –•—É–∂–µ –¢–∏—Ç–∞–Ω–∏–∫–∞";"Ii93twK8FvA";"2.9M";"WTF–∞–∫—Ç";"ez2Z5RWMQ4I";"https://i.ytimg.com/vi/Ii93twK8FvA/hqdefault.jpg?sqp=-oaymwEmCKgBEF5IWvKriqkDGQgBFQAAiEIYAdgBAeIBCggYEAIYBjgBQAE=&rs=AOn4CLCeTX8CBmnOl61f0SOTeBiRQwMH3w"
"–ö—Ä–∞—Å–Ω–æ–µ –í–ò–ù–û ‚Äî –ü—Ä–∞–≤–∏–ª—å–Ω—ã–π –†–µ—Ü–µ–ø—Ç –∏–∑ –ì—Ä—É–∑–∏–∏!";"SEsk1PgiuZ0";"1.5M";"–í –≥–æ—Å—Ç—è—Ö —É –ì–∞—Ä–∏–∫–∞";"ez2Z5RWMQ4I";"https://i.ytimg.com/vi/SEsk1PgiuZ0/hqdefault.jpg?sqp=-oaymwEmCKgBEF5IWvKriqkDGQgBFQAAiEIYAdgBAeIBCggYEAIYBjgBQAE=&rs=AOn4CLDdBG0Sfuc0X770dcFocyGWLL1hsw"
"–ü–æ—á–µ–º—É –∏—Å—á–µ–∑–ª–∏ –¢–µ–ø–ª–æ—Ö–æ–¥—ã –Ω–∞ –ø–æ–¥–≤–æ–¥–Ω—ã—Ö –∫—Ä—ã–ª—å—è—Ö –†–ê–ö–ï–¢–ê –∏ –ú–ï–¢–ï–û–†?";"pWg0NTcpz3k";"5.4M";"Pribambas TV";"ez2Z5RWMQ4I";"https://i.ytimg.com/vi/pWg0NTcpz3k/hqdefault.jpg?sqp=-oaymwEmCKgBEF5IWvKriqkDGQgBFQAAiEIYAdgBAeIBCggYEAIYBjgBQAE=&rs=AOn4CLC2xQXmjxfhPEvOPMc_baWSLboa1Q"
"Eternal war";"jsMNs3hQGas";"737K";"–ê–Ω–∞—Ç–æ–ª–∏–π –®–∞—Ä–∏–π";"ez2Z5RWMQ4I";"https://i.ytimg.com/vi/jsMNs3hQGas/hqdefault.jpg?sqp=-oaymwEmCKgBEF5IWvKriqkDGQgBFQAAiEIYAdgBAeIBCggYEAIYBjgBQAE=&rs=AOn4CLDoxALN7iK8XSF2Rg4SwkwjkryS3w"
"–ó–Ω–∞–∫–æ–º—Å—Ç–≤–æ —Ä–æ–¥–∏—Ç–µ–ª–µ–π –Ω–µ–≤–µ—Å—Ç—ã –∏ –∂–µ–Ω–∏—Ö–∞ - –ö–í–ù –ö–∞–º—ã–∑—è–∫–∏";"OurG_PWuBKQ";"2.4M";"PRO –ö–í–ù";"ez2Z5RWMQ4I";"https://i.ytimg.com/vi/OurG_PWuBKQ/hqdefault.jpg?sqp=-oaymwEmCKgBEF5IWvKriqkDGQgBFQAAiEIYAdgBAeIBCggYEAIYBjgBQAE=&rs=AOn4CLCTv6q2ENEjfuotu5juO1y_qeevOQ"
"–û—Ö–æ—Ç–Ω–∏–∫ –∑–∞ –ø–æ–¥–ª–æ–¥–∫–∞–º–∏, –∫–æ—Ç–æ—Ä—ã–π –¥–µ—Ä–∂–∞–ª –≤ —Å—Ç—Ä–∞—Ö–µ –≤—Å—é –Ø–ø–æ–Ω–∏—é!";"RJAZ3DvGCrk";"6.7K";"–≠–ø–æ—Ö–∞ –≥–∏–≥–∞–Ω—Ç–æ–≤";"ez2Z5RWMQ4I";"https://i.ytimg.com/vi/RJAZ3DvGCrk/hqdefault.jpg?sqp=-oaymwEmCKgBEF5IWvKriqkDGQgBFQAAiEIYAdgBAeIBCggYEAIYBjgBQAE=&rs=AOn4CLCitpHJUtKnK6l4kGIJ3OceC-1tSQ"
"Cruise on the biggest liners in the world. Big blog.";"H76pEfqywAc";"23M";"–ê–Ω—Ç–æ–Ω –ü—Ç—É—à–∫—ñ–Ω";"ez2Z5RWMQ4I";"https://i.ytimg.com/vi/H76pEfqywAc/hqdefault.jpg?sqp=-oaymwEmCKgBEF5IWvKriqkDGQgBFQAAiEIYAdgBAeIBCggYEAIYBjgBQAE=&rs=AOn4CLBbqE4Xjx5LMS1LNS39CoV6TSlDjA"
"–ó–∞ –°–µ–∫—É–Ω–¥—É –î–æ! –ö—Ä—É–∏–∑–Ω—ã–µ –õ–∞–π–Ω–µ—Ä—ã –ü—Ä–æ—Ç–∏–≤ –ì–∏–≥–∞–Ω—Ç—Å–∫–∏—Ö –í–æ–ª–Ω";"yZWWIKpVqWw";"3.8M";"–ú–∞—Å—Ç–µ—Ä—Å–∫–∞—è –ù–∞—Å—Ç—Ä–æ–µ–Ω–∏—è";"ez2Z5RWMQ4I";"https://i.ytimg.com/vi/yZWWIKpVqWw/hqdefault.jpg?sqp=-oaymwEmCKgBEF5IWvKriqkDGQgBFQAAiEIYAdgBAeIBCggYEAIYBjgBQAE=&rs=AOn4CLAyYAEL5Ef5UfCiQBRbIDnyw77Vcg"
"–ö–∞–º–µ–¥–∏ –ö–ª–∞–± ¬´–í–µ—á–µ—Ä –±–µ–∑ —Ç–µ–ª–µ—Ñ–æ–Ω–æ–≤¬ª –ì–∞—Ä–∏–∫ –•–∞—Ä–ª–∞–º–æ–≤, –ú–∞—Ä–∏–Ω–∞ –ö—Ä–∞–≤–µ—Ü @ComedyClubRussia";"oimEyaw6aN8";"22M";"Comedy Club";"ez2Z5RWMQ4I";"https://i.ytimg.com/vi/oimEyaw6aN8/hqdefault.jpg?sqp=-oaymwEmCKgBEF5IWvKriqkDGQgBFQAAiEIYAdgBAeIBCggYEAIYBjgBQAE=&rs=AOn4CLBh-W0NeFzhD9gz5WXKhhnUBAgTsA"
"7 –°–∞–º—ã—Ö –®–æ–∫–∏—Ä—É—é—â–∏—Ö –ì–æ—Ä–æ–¥–æ–≤ –≤ –ú–∏—Ä–µ";"BSVsu83VYkM";"10M";"Top Five";"ez2Z5RWMQ4I";"https://i.ytimg.com/vi/BSVsu83VYkM/hqdefault.jpg?sqp=-oaymwEmCKgBEF5IWvKriqkDGQgBFQAAiEIYAdgBAeIBCggYEAIYBjgBQAE=&rs=AOn4CLDyfeCks_Nz-xMJpsoSwiKExcQz0Q"
"–ë–∞–≥–∞–º—ã, –ö–æ–∫–æ–∫–µ–π üáßüá∏";"KrTOGAyQ-uo";"90";"Alexkinomeh";"ez2Z5RWMQ4I";"https://i.ytimg.com/vi/KrTOGAyQ-uo/hqdefault.jpg?sqp=-oaymwEmCKgBEF5IWvKriqkDGQgBFQAAiEIYAdgBAeIBCggYEAIYBjgBQAE=&rs=AOn4CLBm7j8EITS6wVIFbQsEu43gJHzsow"
"–ü—Ä–æ–±–∫–∞ –Ω–∞ –º–∏–ª–ª–∏–∞—Ä–¥. –ò—Å—Ç–æ—Ä–∏—è –±–ª–æ–∫–∏—Ä–æ–≤–∫–∏ –°—É—ç—Ü–∫–æ–≥–æ –∫–∞–Ω–∞–ª–∞";"JkCFEKwGjhg";"5.2M";"–ò–Ω—Ç–µ—Ä–Ω–µ—Ç –ò—Å—Ç–æ—Ä–∏–∏";"ez2Z5RWMQ4I";"https://i.ytimg.com/vi/JkCFEKwGjhg/hqdefault.jpg?sqp=-oaymwEmCKgBEF5IWvKriqkDGQgBFQAAiEIYAdgBAeIBCggYEAIYBjgBQAE=&rs=AOn4CLAOSAJIXhaGv5PHa2TL_gvn_sFm7w"
"–°–∞–º—ã–π –±–æ–ª—å—à–æ–π –∞—Ç–æ–º–Ω—ã–π –ª–µ–¥–æ–∫–æ–ª –≤ –º–∏—Ä–µ";"i9IO6fOI_ds";"4M";"–ê–Ω–∞—Ç–æ–º–∏—è –ú–æ–Ω—Å—Ç—Ä–æ–≤";"ez2Z5RWMQ4I";"https://i.ytimg.com/vi/i9IO6fOI_ds/hqdefault.jpg?sqp=-oaymwEmCKgBEF5IWvKriqkDGQgBFQAAiEIYAdgBAeIBCggYEAIYBjgBQAE=&rs=AOn4CLD_XRVm7eSLyec0IJ4fQsy-vJ00Cw"
"–ü–∞–¥–µ–Ω–∏–µ –≤ –æ–∫–µ–∞–Ω. –ê–≤–∏–∞–∫–∞—Ç–∞—Å—Ç—Ä–æ—Ñ–∞ Air France —Ä–µ–π—Å 447 –≤ –ê—Ç–ª–∞–Ω—Ç–∏–∫–µ. Airbus A330. 31 –º–∞—è 2009 –≥–æ–¥–∞";"GXoOf-ca8Ms";"4.9M";"Air Crash Investigation –ò–≥–æ—Ä—å –ó—ã—Ä—è–Ω–æ–≤";"ez2Z5RWMQ4I";"https://i.ytimg.com/vi/GXoOf-ca8Ms/hqdefault.jpg?sqp=-oaymwEmCKgBEF5IWvKriqkDGQgBFQAAiEIYAdgBAeIBCggYEAIYBjgBQAE=&rs=AOn4CLDp4YHlk-eZAJtc3hw7mh3QPvKbjA"
"–ù–æ–≤—ã–µ –¥–∞–Ω–Ω—ã–µ –î–∂–µ–π–º—Å–∞ –£—ç–±–±–∞ –æ 3I/ATLAS ‚Äî –ø—Ä–∞–≤–¥–∞ —Ö—É–∂–µ, —á–µ–º –æ–∂–∏–¥–∞–ª–æ—Å—å";"zPwydpFMEBg";"5.4K";"–î–æ–∫—É–º–µ–Ω—Ç–∞–ª–∫–∞ –Ω–∞ —Ä—É—Å—Å–∫–æ–º";"ez2Z5RWMQ4I";"https://i.ytimg.com/vi/zPwydpFMEBg/hqdefault.jpg?sqp=-oaymwEmCKgBEF5IWvKriqkDGQgBFQAAiEIYAdgBAeIBCggYEAIYBjgBQAE=&rs=AOn4CLDT9BM65y2pq4q6upyz1_pq7qq2eA"
"Miljoenennota-special: Dit schuilt er achter de rooskleurige cijfers van Den Haag | LHTV#46";"MWszOwsAGEU";"13K";"LIGHTHOUSETV";"ez2Z5RWMQ4I";"https://i.ytimg.com/vi/MWszOwsAGEU/hqdefault.jpg?sqp=-oaymwEmCKgBEF5IWvKriqkDGQgBFQAAiEIYAdgBAeIBCggYEAIYBjgBQAE=&rs=AOn4CLDqV7ANQNQEcR-283Jqt4H-Cafeew"
"–ö–∞–º–µ–¥–∏ –ö–ª–∞–± ¬´–í–∏—Ç—è –ê–ª—å–≤–∞—Ä–µ—Å¬ª –ö–∞—Ä–∏–±–∏–¥–∏—Å –ö—Ä–∞–≤–µ—Ü –ê–≤–µ—Ä–∏–Ω –ú–∞—Ç—É–∞ –°–æ—Ä–æ–∫–∏–Ω –ë–∞—Ç—Ä—É—Ç–¥–∏–Ω–æ–≤ –°–∫–æ—Ä–æ—Ö–æ–¥";"DxMM_F-Qrq4";"30M";"Comedy Club";"ez2Z5RWMQ4I";"https://i.ytimg.com/vi/DxMM_F-Qrq4/hqdefault.jpg?sqp=-oaymwEmCKgBEF5IWvKriqkDGQgBFQAAiEIYAdgBAeIBCggYEAIYBjgBQAE=&rs=AOn4CLCWwdpQGUSiywnC0gsfPM4iGhxY1w"
"–ö—Ä—É–ø–Ω–µ–π—à–∞—è –≤ –º–∏—Ä–µ –∫—Ä–∞–±–æ-—Ä—ã–±–æ–∫–æ–Ω—Å–µ—Ä–≤–Ω–∞—è –ø–ª–∞–≤—É—á–∞—è –±–∞–∑–∞";"QMkOy3Vy7nY";"4.2M";"–ê–Ω–∞—Ç–æ–º–∏—è –ú–æ–Ω—Å—Ç—Ä–æ–≤";"ez2Z5RWMQ4I";"https://i.ytimg.com/vi/QMkOy3Vy7nY/hqdefault.jpg?sqp=-oaymwEmCKgBEF5IWvKriqkDGQgBFQAAiEIYAdgBAeIBCggYEAIYBjgBQAE=&rs=AOn4CLASOmbqZ7so_XZCdgUBTC4NrFA0hA"
"–ö—Ä—É–∏–∑ –ø–æ –ö–∞—Ä–∏–±–∞–º 2025 –Ω–∞ –ª–∞–π–Ω–µ—Ä–µ MSC SEASHORE üõ≥Ô∏è";"jTijsd3syH0";"332K";"ANKA - –î–∞–ª—å–Ω–æ–±–æ–π—â–∏—Ü–∞";"ez2Z5RWMQ4I";"https://i.ytimg.com/vi/jTijsd3syH0/hqdefault.jpg?sqp=-oaymwEmCKgBEF5IWvKriqkDGQgBFQAAiEIYAdgBAeIBCggYEAIYBjgBQAE=&rs=AOn4CLD2WEg4eoJwQxW0QU2qqgtqMIim_g"
"The Coldest Village on Earth: Oymyakon (-71¬∞C, -96¬∞F)";"2C8zYFArnKY";"52M";"Ruhi √áenet";"ez2Z5RWMQ4I";"https://i.ytimg.com/vi/2C8zYFArnKY/hqdefault.jpg?sqp=-oaymwEmCKgBEF5IWvKriqkDGQgBFQAAiEIYAdgBAeIBCggYEAIYBjgBQAE=&rs=AOn4CLDArTT3HeGxhomWAE-eSRRu6zLVdA"
"–ü–æ—á–µ–º—É –∫ –∑–∞—Ç–æ–Ω—É–≤—à–µ–º—É –ø–∞—Ä–æ–º—É ""–≠—Å—Ç–æ–Ω–∏—è"" –∑–∞–ø—Ä–µ—â–µ–Ω–æ –ø–æ–≥—Ä—É–∂–∞—Ç—å—Å—è?";"r1ob2M2x4NQ";"805K";"Mash Paradox";"ez2Z5RWMQ4I";"https://i.ytimg.com/vi/r1ob2M2x4NQ/hqdefault.jpg?sqp=-oaymwEmCKgBEF5IWvKriqkDGQgBFQAAiEIYAdgBAeIBCggYEAIYBjgBQAE=&rs=AOn4CLDHU1Ihh1134lBzgXFTAd9lxz7PxQ"
"Japan that blows your mind. Big release";"Gb0TQ7VeApY";"39M";"–ê–Ω—Ç–æ–Ω –ü—Ç—É—à–∫—ñ–Ω";"ez2Z5RWMQ4I";"https://i.ytimg.com/vi/Gb0TQ7VeApY/hqdefault.jpg?sqp=-oaymwEmCKgBEF5IWvKriqkDGQgBFQAAiEIYAdgBAeIBCggYEAIYBjgBQAE=&rs=AOn4CLBqw4wn7QNWobcZ6y8bkd11Vp9zpw"
"–ù–µ–±–µ—Å–Ω—ã–π –ì–∏–≥–∞–Ω—Ç AIRBUS A380 - –∫–∞–∫ –≤—ã–≥–ª—è–¥—è—Ç –∏–∑–Ω—É—Ç—Ä–∏";"Up-Q8YWFSv4";"469K";"The Planet";"ez2Z5RWMQ4I";"https://i.ytimg.com/vi/Up-Q8YWFSv4/hqdefault.jpg?sqp=-oaymwEmCKgBEF5IWvKriqkDGQgBFQAAiEIYAdgBAeIBCggYEAIYBjgBQAE=&rs=AOn4CLClklt3nXkYB14UyHKxaM9kGPRMJA"
"Fenerbah√ße (2-2) Alanyaspor - Highlights/√ñzet | Trendyol S√ºper Lig - 2025/26";"ZA4MQZIWZT8";"344K";"beIN SPORTS T√ºrkiye";"ez2Z5RWMQ4I";"https://i.ytimg.com/vi/ZA4MQZIWZT8/hqdefault.jpg?sqp=-oaymwEmCKgBEF5IWvKriqkDGQgBFQAAiEIYAdgBAeIBCggYEAIYBjgBQAE=&rs=AOn4CLCI6mf4f4XyIxk-qqex2zNIp-PY3g"
"–ù–û–í–û–°–¢–ò: –°–®–ê –æ–¥–æ–±—Ä–∏–ª–∏ –ø–æ—Å—Ç–∞–≤–∫—É –æ—Ä—É–∂–∏—è –£–∫—Ä–∞–∏–Ω–µ. –ö–∞–∫ —É–±–∏–ª–∏ –ù–∞–≤–∞–ª—å–Ω–æ–≥–æ. –û—Ç–∫–ª—é—á–µ–Ω–∏–µ –∏–Ω—Ç–µ—Ä–Ω–µ—Ç–∞ –≤ –†–æ—Å—Å–∏–∏";"zp1B_h-y5Cc";"75K";"–†–∞–¥–∏–æ –°–≤–æ–±–æ–¥–∞";"ez2Z5RWMQ4I";"https://i.ytimg.com/vi/zp1B_h-y5Cc/hqdefault.jpg?sqp=-oaymwEmCKgBEF5IWvKriqkDGQgBFQAAiEIYAdgBAeIBCggYEAIYBjgBQAE=&rs=AOn4CLCqP9H4H-Cbcl-8NBiyzjngC_WfAw"
"–ö—Ä—É–∏–∑–Ω—ã–π –ª–∞–π–Ω–µ—Ä | –ö–∞–∫ —ç—Ç–æ —É—Å—Ç—Ä–æ–µ–Ω–æ | Discovery";"ERadT26JWVU";"442K";"Discovery Channel –†–æ—Å—Å–∏—è";"ez2Z5RWMQ4I";"https://i.ytimg.com/vi/ERadT26JWVU/hqdefault.jpg?sqp=-oaymwEmCKgBEF5IWvKriqkDGQgBFQAAiEIYAdgBAeIBCggYEAIYBjgBQAE=&rs=AOn4CLD7HuJNmfWgIAYyWdFjtKxGk_YmrQ"
"Comedy Club: –ü–µ—Ç—Ä–æ—Å—è–Ω –≤ Comedy Club | –û–í–† –®–æ—É, –£—Ä–∞–ª—å—Å–∫–∏–µ –ø–µ–ª—å–º–µ–Ω–∏, –ê–Ω—à–ª–∞–≥ @TNT_television";"bP04NJm-spo";"1.8M";"–¢–ù–¢";"ez2Z5RWMQ4I";"https://i.ytimg.com/vi/bP04NJm-spo/hqdefault.jpg?sqp=-oaymwEmCKgBEF5IWvKriqkDGQgBFQAAiEIYAdgBAeIBCggYEAIYBjgBQAE=&rs=AOn4CLCiXXtWUZJDHY8iW2xvrhq_0NssaA"
"Switzerland. A nearly ideal country. Big Episode.";"YtZZ-hxz9TI";"48M";"–ê–Ω—Ç–æ–Ω –ü—Ç—É—à–∫—ñ–Ω";"ez2Z5RWMQ4I";"https://i.ytimg.com/vi/YtZZ-hxz9TI/hqdefault.jpg?sqp=-oaymwEmCKgBEF5IWvKriqkDGQgBFQAAiEIYAdgBAeIBCggYEAIYBjgBQAE=&rs=AOn4CLDjqphgxxdXlbamY0paGAmBgdqXGA"
"–õ–∞–≤—Ä–æ–≤ –æ–± —É–¥–∞—Ä–µ –ø–æ –≤–æ–π—Å–∫–∞–º –ù–ê–¢–û. –ü–æ—á–µ–º—É —É—à–µ–ª –ö–æ–∑–∞–∫. –ë–µ—Å–ø–æ–ª–µ—Ç–Ω–∞—è –∑–æ–Ω–∞. –¢—Ä–∞–º–ø –∏ ""–ê–Ω—Ç–∏—Ñ–∞"" | –£–¢–†–û";"RSCBSdIUKwM";"61K";"–ù–∞—Å—Ç–æ—è—â–µ–µ –í—Ä–µ–º—è";"ez2Z5RWMQ4I";"https://i.ytimg.com/vi/RSCBSdIUKwM/hqdefault.jpg?sqp=-oaymwEmCKgBEF5IWvKriqkDGQgBFQAAiEIYAdgBAeIBCggYEAIYBjgBQAE=&rs=AOn4CLDDYN6a0YQ8REDrGhThn1SaRLlVIg"
"–°–∫–æ–ª—å–∫–æ –∑–∞—Ä–∞–±–∞—Ç—ã–≤–∞—é—Ç –º–æ—Ä—è–∫–∏ ?";"qzy_ZiDSCB8";"15K";"Electrician";"ez2Z5RWMQ4I";"https://i.ytimg.com/vi/qzy_ZiDSCB8/hqdefault.jpg?sqp=-oaymwFACKgBEF5IWvKriqkDMwgBFQAAiEIYAdgBAeIBCggYEAIYBjgBQAHwAQH4Af4JgALQBYoCDAgAEAEYRiBTKGUwDw==&rs=AOn4CLD4Oc95Eg91JcI-fPB0AaEqI6VDPw"
"–ì–ª–∞–≤–Ω–æ–µ –æ ¬´–¢–∏—Ç–∞–Ω–∏–∫–µ¬ª 110 –ª–µ—Ç —Å–ø—É—Å—Ç—è: –∏—Å—Ç–æ—Ä–∏—è –ª–∞–π–Ω–µ—Ä–∞";"V5MXlTpYM5E";"9M";"–ò–Ω—Ç–µ—Ä–Ω–µ—Ç –ò—Å—Ç–æ—Ä–∏–∏";"ez2Z5RWMQ4I";"https://i.ytimg.com/vi/V5MXlTpYM5E/hqdefault.jpg?sqp=-oaymwEmCKgBEF5IWvKriqkDGQgBFQAAiEIYAdgBAeIBCggYEAIYBjgBQAE=&rs=AOn4CLB_yPuNQTBPAtDGtFwwWl8QituH-w"
"The World's Highest Security Prison: CECOT (The most evil are kept here)";"H42zWaD4A4s";"135M";"Ruhi √áenet";"ez2Z5RWMQ4I";"https://i.ytimg.com/vi/H42zWaD4A4s/hqdefault.jpg?sqp=-oaymwEmCKgBEF5IWvKriqkDGQgBFQAAiEIYAdgBAeIBCggYEAIYBjgBQAE=&rs=AOn4CLB9ankuGBFbf5QAXOy6dNEKLjxBLA"
"10 –ù–µ–≤–æ–∑–º–æ–∂–Ω—ã—Ö –î–µ—Ä–µ–≤—å–µ–≤, –ö–æ—Ç–æ—Ä—ã–µ –†–µ–∞–ª—å–Ω–æ –°—É—â–µ—Å—Ç–≤—É—é—Ç";"Ltebte-RbZQ";"11M";"Top Five";"ez2Z5RWMQ4I";"https://i.ytimg.com/vi/Ltebte-RbZQ/hqdefault.jpg?sqp=-oaymwEmCKgBEF5IWvKriqkDGQgBFQAAiEIYAdgBAeIBCggYEAIYBjgBQAE=&rs=AOn4CLAbx24X89-vRfmyGIUkqZqTmb7Aww"
"üî¥ Trump's visit: The King, Queen, and Melania conspired #news #oneday #trump";"1gSqzoYPq9w";"50K";"–û–¥–∏–Ω –¥–µ–Ω—å";"ez2Z5RWMQ4I";"https://i.ytimg.com/vi/1gSqzoYPq9w/hqdefault.jpg?sqp=-oaymwEmCKgBEF5IWvKriqkDGQgBFQAAiEIYAdgBAeIBCggYEAIYBjgBQAE=&rs=AOn4CLATuq4ZucYNGgcXHHksSOgNYyNJyw"
"UNREAL! Uzbekistan Cooks 500 KG of Pilaf Daily for 10,000 People in ONE POT! üò±üçö";"0kJ9q_zr3sg";"3.2M";"COOL DADDY";"ez2Z5RWMQ4I";"https://i.ytimg.com/vi/0kJ9q_zr3sg/hqdefault.jpg?sqp=-oaymwEmCKgBEF5IWvKriqkDGQgBFQAAiEIYAdgBAeIBCggYEAIYBjgBQAE=&rs=AOn4CLCqTtUpd1IjY8KYL0jrspkQXjqhvw"
"–í–Ω—É—Ç—Ä–∏ –ö—Ä—É–ø–Ω–µ–π—à–∏—Ö –ö—Ä—É–∏–∑–Ω—ã—Ö –ö–æ—Ä–∞–±–ª–µ–π";"uyX5H7gDB88";"554K";"WTF–∞–∫—Ç";"ez2Z5RWMQ4I";"https://i.ytimg.com/vi/uyX5H7gDB88/hqdefault.jpg?sqp=-oaymwEmCKgBEF5IWvKriqkDGQgBFQAAiEIYAdgBAeIBCggYEAIYBjgBQAE=&rs=AOn4CLA1qBwk4b3iSNRcqUf9fEXDMreUtQ"
"Comedy Club: –ñ–µ–Ω—â–∏–Ω–∞-–∞–±—å—é–∑–µ—Ä  | –ú–∞—Ä–∏–Ω–∞ –ö—Ä–∞–≤–µ—Ü, –î–µ–º–∏—Å –ö–∞—Ä–∏–±–∏–¥–∏—Å, –¢–∏–º—É—Ä –ë–∞—Ç—Ä—É—Ç–¥–∏–Ω–æ–≤, –ö–æ—Å—Ç—è –ë—É—Ç—É—Å–æ–≤";"tjtDRseUKVE";"32M";"Comedy Club";"ez2Z5RWMQ4I";"https://i.ytimg.com/vi/tjtDRseUKVE/hqdefault.jpg?sqp=-oaymwEmCKgBEF5IWvKriqkDGQgBFQAAiEIYAdgBAeIBCggYEAIYBjgBQAE=&rs=AOn4CLCGlWNW8vuwzszEH93S6jdFTUwKpQ"
"–ù–ï–í–û–ó–ú–û–ñ–ù–´–ô –ü–û–ë–ï–ì –ò–ó –ì–£–õ–ê–ì–ê: 2000 –∫–º –ø–æ —Ç–∞–π–≥–µ —Ä–∞–¥–∏ —Å–≤–æ–±–æ–¥—ã";"wvWCJOrdRxM";"783K";"–ò—Å—Ç–û–ö";"ez2Z5RWMQ4I";"https://i.ytimg.com/vi/wvWCJOrdRxM/hqdefault.jpg?sqp=-oaymwEmCKgBEF5IWvKriqkDGQgBFQAAiEIYAdgBAeIBCggYEAIYBjgBQAE=&rs=AOn4CLBkCpFV7pSoRW3D919SYmw6QnkDQQ"
"‘º’∏÷Ç÷Ä’•÷Ä 17:00 | ’Ä’°’∂÷Ä’°’∫’•’ø’°’Ø’°’∂ ’¥’°÷Ä’¶’°’§’°’∑’ø’´’∂ ’∞’°’¥’°÷Ä’™’•÷Ñ ÷á’Ω ’¥’•’Ø ’¥’°÷Ä’¶’°’§’°’∑’ø ’Ø’∏÷Ç’∂’•’∂’°’∂÷Ñ ’Ä’Ä-’∏÷Ç’¥. ’æ’°÷Ä’π’°’∫’•’ø";"QzLXyHuJv74";"–ù–µ–∏–∑–≤–µ—Å—Ç–Ω–æ";"‘º’∏÷Ç÷Ä’•÷Ä";"ez2Z5RWMQ4I";"https://i.ytimg.com/vi/QzLXyHuJv74/hqdefault.jpg?v=68cc00c2&sqp=-oaymwEmCKgBEF5IWvKriqkDGQgBFQAAiEIYAdgBAeIBCggYEAIYBjgBQAE=&rs=AOn4CLAChl_EP1UTfuMUoQTR8lu_XuRnsA"
"–î–æ–∫—É–º–µ–Ω—Ç–∞–ª—å–Ω—ã–π —Ñ–∏–ª—å–º –ê–Ω—Ç–∞—Ä–∫—Ç–∏–¥–∞. –•–æ–∂–¥–µ–Ω–∏–µ –∑–∞ —Ç—Ä–∏ –ø–æ–ª—é—Å–∞. –ß–∞—Å—Ç—å 1";"OUwBQwhliL4";"9.3M";"–í–∞–ª–¥–∏—Å –ü–µ–ª—å—à";"ez2Z5RWMQ4I";"https://i.ytimg.com/vi/OUwBQwhliL4/hqdefault.jpg?sqp=-oaymwEmCKgBEF5IWvKriqkDGQgBFQAAiEIYAdgBAeIBCggYEAIYBjgBQAE=&rs=AOn4CLAzwNXRaPTbjBWFsvomYz2cexTopA"
"–°–¢–ï–†–õ–ò–ì–û–í: –û—Ç —Å—Ç—É–¥–µ–Ω—Ç–∞-—Ç—Ä–æ–µ—á–Ω–∏–∫–∞ –¥–æ –ú–ò–õ–õ–ò–ê–†–î–ï–†–ê –Ω–∞ –∫—Ä–æ–≤–∏ | –ü—Ä–µ—Å—Ç—É–ø–ª–µ–Ω–∏–µ –í–µ–∫–∞";"YfoRvRtOOfg";"13K";"–°–°–°–† 2.0";"ez2Z5RWMQ4I";"https://i.ytimg.com/vi/YfoRvRtOOfg/hqdefault.jpg?sqp=-oaymwEmCKgBEF5IWvKriqkDGQgBFQAAiEIYAdgBAeIBCggYEAIYBjgBQAE=&rs=AOn4CLDOGpRpyYP2S9O10qv471rVYDKYDg"
"1,500 km: UKRAINE BLEW UP GAZPROM in Bashkortostan and the Volgograd Oil Refinery. Khabirov is hy...";"dNPtklzpmJ8";"25K";"Newsader";"ez2Z5RWMQ4I";"https://i.ytimg.com/vi/dNPtklzpmJ8/hqdefault.jpg?sqp=-oaymwEmCKgBEF5IWvKriqkDGQgBFQAAiEIYAdgBAeIBCggYEAIYBjgBQAE=&rs=AOn4CLAQsnG6nLX1rwseVHWSzMYXKvzcJQ"
"–°—Ç—Ä–∞—à–Ω–µ–µ –¢–∏—Ç–∞–Ω–∏–∫–∞. –ö–æ—Ä–∞–±–ª–µ–∫—Ä—É—à–µ–Ω–∏–µ, –æ –∫–æ—Ç–æ—Ä–æ–º –∑–∞–±—ã–ª–∏";"11Yggzzwmd8";"3.9M";"–í–ª–∞–¥–∏–º–∏—Ä –õ–æ–≥–∏–Ω–æ–≤";"ez2Z5RWMQ4I";"https://i.ytimg.com/vi/11Yggzzwmd8/hqdefault.jpg?sqp=-oaymwEmCKgBEF5IWvKriqkDGQgBFQAAiEIYAdgBAeIBCggYEAIYBjgBQAE=&rs=AOn4CLDO5lRevxsd0iesxKmlh5Y-GiMMDQ"
"$1 vs $1,000,000,000 Nuclear Bunker!";"_AbFXuGDRTs";"96M";"MrBeast";"ez2Z5RWMQ4I";"https://i.ytimg.com/vi/_AbFXuGDRTs/hqdefault.jpg?sqp=-oaymwEmCKgBEF5IWvKriqkDGQgBFQAAiEIYAdgBAeIBCggYEAIYBjgBQAE=&rs=AOn4CLDaia-NCleXvXJuNAU6lxYZDL-qbg"
"–ö–∞–º–µ–¥–∏ –ö–ª–∞–± ¬´–°–µ–º–µ–π–Ω—ã–π –ø—Å–∏—Ö–æ–ª–æ–≥¬ª –ì–∞—Ä–∏–∫ –•–∞—Ä–ª–∞–º–æ–≤, –ú–∞—Ä–∏–Ω–∞ –ö—Ä–∞–≤–µ—Ü, –ú–∞—Ä–∏–Ω–∞ –§–µ–¥—É–Ω–∫–∏–≤ @ComedyClubRussia";"3gBjTjJaCu0";"38M";"Comedy Club";"ez2Z5RWMQ4I";"https://i.ytimg.com/vi/3gBjTjJaCu0/hqdefault.jpg?sqp=-oaymwEmCKgBEF5IWvKriqkDGQgBFQAAiEIYAdgBAeIBCggYEAIYBjgBQAE=&rs=AOn4CLB0v3byigJryIuTVxOHQo5cFjxCpw"
"I Cooked For A Lion";"WP8EMyoWUlM";"23M";"Nick DiGiovanni";"ez2Z5RWMQ4I";"https://i.ytimg.com/vi/WP8EMyoWUlM/hqdefault.jpg?sqp=-oaymwEmCKgBEF5IWvKriqkDGQgBFQAAiEIYAdgBAeIBCggYEAIYBjgBQAE=&rs=AOn4CLBJXVdWrZIWJ0vJU98X2gEL-74ubg"
"–ß—Ç–æ –±—É–¥–µ—Ç, –µ—Å–ª–∏ –ø–æ–ø–∞—Å—Ç—å –≤ —á—ë—Ä–Ω—É—é –¥—ã—Ä—É?";"6gl6iWigqDU";"28K";"–ê–Ω–∞—Ç–æ–º–∏—è –ú–æ–Ω—Å—Ç—Ä–æ–≤";"ez2Z5RWMQ4I";"https://i.ytimg.com/vi/6gl6iWigqDU/hqdefault.jpg?sqp=-oaymwEmCKgBEF5IWvKriqkDGQgBFQAAiEIYAdgBAeIBCggYEAIYBjgBQAE=&rs=AOn4CLBINCQDvmVpT335-d1-HLGo9e3jJA"
"–°–∞—Ä–¥–∏–Ω—ã | –ö–∞–∫ —ç—Ç–æ —É—Å—Ç—Ä–æ–µ–Ω–æ | Discovery";"_qkzNN5_uu8";"1.4M";"Discovery Channel –†–æ—Å—Å–∏—è";"ez2Z5RWMQ4I";"https://i.ytimg.com/vi/_qkzNN5_uu8/hqdefault.jpg?sqp=-oaymwEmCKgBEF5IWvKriqkDGQgBFQAAiEIYAdgBAeIBCggYEAIYBjgBQAE=&rs=AOn4CLAA988PQPyMieSnpU7RhFMwed77QQ"
"World's Fastest Car Vs Cheetah!";"FWAdfuPpLOc";"163M";"MrBeast";"ez2Z5RWMQ4I";"https://i.ytimg.com/vi/FWAdfuPpLOc/hqdefault.jpg?sqp=-oaymwEmCKgBEF5IWvKriqkDGQgBFQAAiEIYAdgBAeIBCggYEAIYBjgBQAE=&rs=AOn4CLBzDnXMdT4g66fAgGcCS_QUjDymxA"
"Comedy Club: –ò–∑–º–µ–Ω–∞ –≤–æ —Å–Ω–µ | –î–µ–º–∏—Å –ö–∞—Ä–∏–±–∏–¥–∏—Å, –ú–∞—Ä–∏–Ω–∞ –ö—Ä–∞–≤–µ—Ü @ComedyClubRussia";"CguYIHRQnO8";"8.8M";"Comedy Club";"ez2Z5RWMQ4I";"https://i.ytimg.com/vi/CguYIHRQnO8/hqdefault.jpg?sqp=-oaymwEmCKgBEF5IWvKriqkDGQgBFQAAiEIYAdgBAeIBCggYEAIYBjgBQAE=&rs=AOn4CLD0-k3Xj4RhUgsTodlocDulffDxKQ"
"‚ö°Ô∏è–ù–û–í–û–°–¢–ò | –û–¢–°–¢–ê–í–ö–ê –í –ö–†–ï–ú–õ–ï | –í–ó–†–´–í–´ –í –í–û–õ–ì–û–ì–†–ê–î–ï. –ó–ê–ö–†–´–¢ –ê–≠–†–û–ü–û–†–¢ | –î–†–û–ù –ê–¢–ê–ö–û–í–ê–õ –ú–ê–®–ò–ù–£";"_plfwEjka3A";"113K";"–•–æ–¥–æ—Ä–∫–æ–≤—Å–∫–∏–π LIVE";"ez2Z5RWMQ4I";"https://i.ytimg.com/vi/_plfwEjka3A/hqdefault.jpg?sqp=-oaymwEmCKgBEF5IWvKriqkDGQgBFQAAiEIYAdgBAeIBCggYEAIYBjgBQAE=&rs=AOn4CLDFoSRzv0JaucfIFHpvBHfPG3-VFQ"
"INTERS CORNERS DOEN AJAX PIJN BIJ RETURN IN MILJARDENBAL!ü•µü§Ø | Ajax vs Inter | Champions League 25/26";"F42bWkH8VkU";"90K";"Ziggo Sport";"ez2Z5RWMQ4I";"https://i.ytimg.com/vi/F42bWkH8VkU/hqdefault.jpg?sqp=-oaymwEmCKgBEF5IWvKriqkDGQgBFQAAiEIYAdgBAeIBCggYEAIYBjgBQAE=&rs=AOn4CLDpw0_Fl9Cpn-kntN2aGm8q1qIm0A"
"–Ø –ø—Ä–æ–≤–µ–ª 196 –¥–Ω–µ–π –Ω–∞ —Å–∞–º–æ–º –±–æ–ª—å—à–æ–º –∫—Ä—É–∏–∑–Ω–æ–º –ª–∞–π–Ω–µ—Ä–µ! –¶–µ–Ω—ã, –ø–ª—é—Å—ã, –º–∏–Ω—É—Å—ã. –°—Ç–æ–∏—Ç –ª–∏?";"_Tt0pdi1CTM";"841K";"Aleksandr Doroshenko";"ez2Z5RWMQ4I";"https://i.ytimg.com/vi/_Tt0pdi1CTM/hqdefault.jpg?sqp=-oaymwEmCKgBEF5IWvKriqkDGQgBFQAAiEIYAdgBAeIBCggYEAIYBjgBQAE=&rs=AOn4CLAd8JhQEZwV2zwAZtiMSL5NXQQx4A"
"Hacker - Animator vs. Animation 12";"kXtvcYDR1us";"5.6M";"Alan Becker";"ez2Z5RWMQ4I";"https://i.ytimg.com/vi/kXtvcYDR1us/hqdefault.jpg?sqp=-oaymwEmCKgBEF5IWvKriqkDGQgBFQAAiEIYAdgBAeIBCggYEAIYBjgBQAE=&rs=AOn4CLBlg-AtcC2Pbtoqi3f2p7p__3Jd-w"
"How did Putin kill Navalny? New details of a terrible crime";"vSWJibAWFFQ";"636K";"–ê–ª–µ–∫—Å–µ–π –ù–∞–≤–∞–ª—å–Ω—ã–π";"ez2Z5RWMQ4I";"https://i.ytimg.com/vi/vSWJibAWFFQ/hqdefault.jpg?sqp=-oaymwEmCKgBEF5IWvKriqkDGQgBFQAAiEIYAdgBAeIBCggYEAIYBjgBQAE=&rs=AOn4CLAx5GcCjpjdQW81pSAkF2ZK7f3uzA"
"–°–∞–º—ã–µ –ö—Ä—É–ø–Ω—ã–µ –°–ø—É—Å–∫–∏ –ö–æ—Ä–∞–±–ª–µ–π, –°–Ω—è—Ç—ã–µ –Ω–∞ –ö–∞–º–µ—Ä—É";"uFsuXyFWGTA";"329K";"–ú–∞—Å—Ç–µ—Ä—Å–∫–∞—è –ù–∞—Å—Ç—Ä–æ–µ–Ω–∏—è";"ez2Z5RWMQ4I";"https://i.ytimg.com/vi/uFsuXyFWGTA/hqdefault.jpg?sqp=-oaymwEmCKgBEF5IWvKriqkDGQgBFQAAiEIYAdgBAeIBCggYEAIYBjgBQAE=&rs=AOn4CLDCum71Abe0hgOfNNaEMpunzxJL7g"
"Sportloto-82 (comedy, directed by Leonid Gaidai, 1982)";"FxWczA4ZgI4";"49M";"–ö–∏–Ω–æ–∫–æ–Ω—Ü–µ—Ä–Ω ""–ú–æ—Å—Ñ–∏–ª—å–º""";"ez2Z5RWMQ4I";"https://i.ytimg.com/vi/FxWczA4ZgI4/hqdefault.jpg?sqp=-oaymwEmCKgBEF5IWvKriqkDGQgBFQAAiEIYAdgBAeIBCggYEAIYBjgBQAE=&rs=AOn4CLAi5iEXPtRHiHGFOzR5yFeMVHiSLA"
"–ú–µ–≥–∞–∫–æ—Ä–∞–±–ª—å | –ë–û–õ–¨–®–û–ï –∏ –†–∏—á–∞—Ä–¥ –•–∞–º–º–æ–Ω–¥ | Discovery";"6G-M-b-58nU";"3M";"Discovery Channel –†–æ—Å—Å–∏—è";"ez2Z5RWMQ4I";"https://i.ytimg.com/vi/6G-M-b-58nU/hqdefault.jpg?sqp=-oaymwEmCKgBEF5IWvKriqkDGQgBFQAAiEIYAdgBAeIBCggYEAIYBjgBQAE=&rs=AOn4CLBGKUrw_nT_DAbE2KpnclwH8pU96g"
"Military checkpoint before a FROZEN Shandur Pass, PAKISTAN üáµüá∞ | S8, EP79";"AaFFDPCUp-Y";"366K";"Itchy Boots";"ez2Z5RWMQ4I";"https://i.ytimg.com/vi/AaFFDPCUp-Y/hqdefault.jpg?sqp=-oaymwEmCKgBEF5IWvKriqkDGQgBFQAAiEIYAdgBAeIBCggYEAIYBjgBQAE=&rs=AOn4CLAwl_sxQ_8sTjXH7kpAO63qtHO2EQ"
"–ì–ò–¢–ê–†–ò–°–¢-–í–ò–†–¢–£–û–ó –ø—Ä–∏—Ç–≤–æ—Ä–∏–ª—Å—è –ë–ï–ó–î–û–ú–ù–´–ú –∏ —à–æ–∫–∏—Ä–æ–≤–∞–ª –õ–Æ–î–ï–ô | –ü–†–ê–ù–ö ft. –ö–≤–∞—à–µ–Ω–∞—è";"kaNDwXwYRb8";"267K";"AkStar";"ez2Z5RWMQ4I";"https://i.ytimg.com/vi/kaNDwXwYRb8/hqdefault.jpg?sqp=-oaymwEmCKgBEF5IWvKriqkDGQgBFQAAiEIYAdgBAeIBCggYEAIYBjgBQAE=&rs=AOn4CLBTNDMELpXYJFyLIzPkIIo9yYxfGQ"
"H√©t politieke debat van het jaar | Epstein beelden geprojecteerd op slaapplek van Trump | LUBACH";"TrNQ2LZ8E4Y";"136K";"LUBACH";"ez2Z5RWMQ4I";"https://i.ytimg.com/vi/TrNQ2LZ8E4Y/hqdefault.jpg?sqp=-oaymwEmCKgBEF5IWvKriqkDGQgBFQAAiEIYAdgBAeIBCggYEAIYBjgBQAE=&rs=AOn4CLDHX1YFaulkrrCsXbDmZU_hqIVIAA"
"–û–Ω–∏ –ü–ï–†–ï–°–¢–ê–õ–ò –ë–´–¢–¨ –ú–£–ñ–ß–ò–ù–ê–ú–ò | –°—Ç—Ä–∞—à–Ω–∞—è –º–µ—Å—Ç—å –º–∞—Ç–µ—Ä–∏-–æ–¥–∏–Ω–æ—á–∫–∏ | –î–æ–∫—É–º–µ–Ω—Ç–∞–ª—å–Ω–∞—è –¥—Ä–∞–º–∞ | –°–°–°–†";"KWi-OdtbE9w";"506K";"–ò—Å—Ç–û–ö";"ez2Z5RWMQ4I";"https://i.ytimg.com/vi/KWi-OdtbE9w/hqdefault.jpg?sqp=-oaymwEmCKgBEF5IWvKriqkDGQgBFQAAiEIYAdgBAeIBCggYEAIYBjgBQAE=&rs=AOn4CLBnqYB9Lmb25ABPcUbebo62Eecx-Q"
"Russia has lost the Chief of the General Staff / Lavrov‚Äôs sharp statement";"0fDUuq9JERE";"637K";"NEXTA Live";"ez2Z5RWMQ4I";"https://i.ytimg.com/vi/0fDUuq9JERE/hqdefault.jpg?sqp=-oaymwEmCKgBEF5IWvKriqkDGQgBFQAAiEIYAdgBAeIBCggYEAIYBjgBQAE=&rs=AOn4CLCy2iSknoMmK2XMbS0ZeBUk1lCxRQ"
"–ö–∞–∫ –≤ –°–∞–ª—å–≤–∞–¥–æ—Ä–µ –ø–æ–±–æ—Ä–æ–ª–∏ –ø—Ä–µ—Å—Ç—É–ø–Ω–æ—Å—Ç—å | –ù–∞–π–∏–± –ë—É–∫–µ–ª–µ –∏ –µ–≥–æ –ø–æ–ª–∏—Ç–∏–∫–∞ (English subtitles) @Max_Katz";"OjwS30XYSP0";"406K";"–ú–∞–∫—Å–∏–º –ö–∞—Ü";"ez2Z5RWMQ4I";"https://i.ytimg.com/vi/OjwS30XYSP0/hqdefault.jpg?sqp=-oaymwEmCKgBEF5IWvKriqkDGQgBFQAAiEIYAdgBAeIBCggYEAIYBjgBQAE=&rs=AOn4CLD2Mge3dHJoo2Cu0gGWAPyyLDIOWg"
"Baking Azerbaijani Walnut Kete ‚Äî A Taste of Tradition ‚ú®";"t_BwU8qhv4Q";"347K";"K…ônd H…ôyatƒ±";"ez2Z5RWMQ4I";"https://i.ytimg.com/vi/t_BwU8qhv4Q/hqdefault.jpg?sqp=-oaymwEmCKgBEF5IWvKriqkDGQgBFQAAiEIYAdgBAeIBCggYEAIYBjgBQAE=&rs=AOn4CLClbc9dNqRXfmc16-vvmDwuK40_EQ"
"–õ–∞–±–æ—Ä–∞—Ç–æ—Ä–Ω—ã–µ –≤—ã—Ä–∞—â–µ–Ω–Ω—ã–µ –±—Ä–∏–ª–ª–∏–∞–Ω—Ç—ã –∏ –≤ —á–µ–º –∏—Ö –æ—Ç–ª–∏—á–∏–µ –æ—Ç –ø—Ä–∏—Ä–æ–¥–Ω—ã—Ö –±—Ä–∏–ª–ª–∏–∞–Ω—Ç–æ–≤?";"xGz59Fkb6xg";"50K";"IQDiamonds";"ez2Z5RWMQ4I";"https://i.ytimg.com/vi/xGz59Fkb6xg/hqdefault.jpg?sqp=-oaymwEmCKgBEF5IWvKriqkDGQgBFQAAiEIYAdgBAeIBCggYEAIYBjgBQAE=&rs=AOn4CLBAHZCzVUpMuYtSkH8m7wrdQbzEcQ"
"5 –ö—Ä—É–ø–Ω—ã—Ö –Ø–¥–µ—Ä–Ω—ã—Ö –ò—Å–ø—ã—Ç–∞–Ω–∏–π, –°–Ω—è—Ç—ã—Ö –ù–∞ –ö–∞–º–µ—Ä—É";"PAD0MFjm87M";"7.3M";"–ú–∞—Å—Ç–µ—Ä—Å–∫–∞—è –ù–∞—Å—Ç—Ä–æ–µ–Ω–∏—è";"ez2Z5RWMQ4I";"https://i.ytimg.com/vi/PAD0MFjm87M/hqdefault.jpg?sqp=-oaymwEmCKgBEF5IWvKriqkDGQgBFQAAiEIYAdgBAeIBCggYEAIYBjgBQAE=&rs=AOn4CLDqP6JhsmwLjk0t1Q9lsFMKCmmrwQ"
"–ï—ë –∏—Å–∫–∞–ª –≤–µ—Å—å –°–æ—é–∑: –∏—Å—Ç–æ—Ä–∏—è –µ–¥–∏–Ω—Å—Ç–≤–µ–Ω–Ω–æ–π –∂–µ–Ω—â–∏–Ω—ã-–≤–æ—Ä–∞ –≤ –∑–∞–∫–æ–Ω–µ";"nTZn0Pzprgg";"1.6M";"–ò—Å—Ç–û–ö";"ez2Z5RWMQ4I";"https://i.ytimg.com/vi/nTZn0Pzprgg/hqdefault.jpg?sqp=-oaymwEmCKgBEF5IWvKriqkDGQgBFQAAiEIYAdgBAeIBCggYEAIYBjgBQAE=&rs=AOn4CLAv55pztA8J23QUtM7GlnHqBTxi8w"
"–í–æ–¥–∏—Ç–µ–ª—å –°–¢–ê–õ–ò–ù–ê –º–æ–ª—á–∞–ª 40 –ª–µ—Ç. –¢–µ–ø–µ—Ä—å –≤—ã —É–∑–Ω–∞–µ—Ç–µ –í–°–Å!";"0m9KXUEKEcM";"2.1M";"–°–°–°–† 2.0";"ez2Z5RWMQ4I";"https://i.ytimg.com/vi/0m9KXUEKEcM/hqdefault.jpg?sqp=-oaymwEmCKgBEF5IWvKriqkDGQgBFQAAiEIYAdgBAeIBCggYEAIYBjgBQAE=&rs=AOn4CLBGk97xZdw_mOC3ZD9S0Iv7hN2B-A"
"–ë–ï–ó–¢–ê–ö–¢–ù–Ü–°–¢–¨ –¢—Ä–∞–º–ø–∞ –ü–†–ò–ì–û–õ–û–ú–®–ò–õ–ê –±—Ä–∏—Ç–∞–Ω—Ü—ñ–≤! –í—ñ–Ω –∫—ñ–ª—å–∫–∞ —Ä–∞–∑—ñ–≤ –ü–û–†–£–®–ò–í –∫–æ—Ä–æ–ª—ñ–≤—Å—å–∫–∏–π –ø—Ä–æ—Ç–æ–∫–æ–ª";"tucbxZLdWTE";"106K";"–ü–æ–¥—Ä–æ–±–∏—Ü—ñ";"ez2Z5RWMQ4I";"https://i.ytimg.com/vi/tucbxZLdWTE/hqdefault.jpg?sqp=-oaymwEmCKgBEF5IWvKriqkDGQgBFQAAiEIYAdgBAeIBCggYEAIYBjgBQAE=&rs=AOn4CLCfZ3PoTisCRH4kTylhId-JjkkEXw"
"–°–∞–º–∞—è –ø—Ä–æ—Ü–≤–µ—Ç–∞—é—â–∞—è —Å—Ç—Ä–∞–Ω–∞ –≤ –º–∏—Ä–µ";"3p8pQiOvnXw";"4.4M";"–¢–µ—Ö–Ω–æ";"ez2Z5RWMQ4I";"https://i.ytimg.com/vi/3p8pQiOvnXw/hqdefault.jpg?sqp=-oaymwEmCKgBEF5IWvKriqkDGQgBFQAAiEIYAdgBAeIBCggYEAIYBjgBQAE=&rs=AOn4CLCCwfCO-s0IJIxRoEYX9fPWFnWIWw"
"–ë–µ–ª–ê–ó. –ö–∞—Ä—å–µ—Ä–Ω—ã–µ —Å–∞–º–æ—Å–≤–∞–ª—ã. –û–±–∑–æ—Ä";"6YzjxO3FwrQ";"4.3M";"–ê–Ω–∞—Ç–æ–º–∏—è –ú–æ–Ω—Å—Ç—Ä–æ–≤";"ez2Z5RWMQ4I";"https://i.ytimg.com/vi/6YzjxO3FwrQ/hqdefault.jpg?sqp=-oaymwEmCKgBEF5IWvKriqkDGQgBFQAAiEIYAdgBAeIBCggYEAIYBjgBQAE=&rs=AOn4CLAON1hxNROOTBlYvTYNhmuS_WYI0w"
"–°–∞–º–æ–µ –≤—ã—Å–æ–∫–æ–µ –∑–¥–∞–Ω–∏–µ –Ω–∞ –ø–ª–∞–Ω–µ—Ç–µ | –ë–û–õ–¨–®–û–ï –∏ –†–∏—á–∞—Ä–¥ –•–∞–º–º–æ–Ω–¥ | Discovery";"JRStUo8YXcQ";"4.9M";"Discovery Channel –†–æ—Å—Å–∏—è";"ez2Z5RWMQ4I";"https://i.ytimg.com/vi/JRStUo8YXcQ/hqdefault.jpg?sqp=-oaymwEmCKgBEF5IWvKriqkDGQgBFQAAiEIYAdgBAeIBCggYEAIYBjgBQAE=&rs=AOn4CLDEhUYnmG8fFFhzzPahYV65-JJw5Q"
"200 –∫–≥ –ñ–∏–≤–æ–π –ú–æ—â–∏! –¢–æ–ª—Å—Ç—è–∫ —Å –£–±–∏–π—Å—Ç–≤–µ–Ω–Ω—ã–º –£–¥–∞—Ä–æ–º - –ë–∞—Ç—Ç–µ—Ä–±–∏–Ω";"wOQiaetSlfM";"10M";"ERA MMA";"ez2Z5RWMQ4I";"https://i.ytimg.com/vi/wOQiaetSlfM/hqdefault.jpg?sqp=-oaymwEmCKgBEF5IWvKriqkDGQgBFQAAiEIYAdgBAeIBCggYEAIYBjgBQAE=&rs=AOn4CLAyGccglGHnUHIPE8Kom8vbeQYkHQ"
"I Spent 24 Hours with Conjoined Twins!";"otYsUtcZddA";"24M";"Stokes Twins";"ez2Z5RWMQ4I";"https://i.ytimg.com/vi/otYsUtcZddA/hqdefault.jpg?sqp=-oaymwEmCKgBEF5IWvKriqkDGQgBFQAAiEIYAdgBAeIBCggYEAIYBjgBQAE=&rs=AOn4CLD9TUbJR9SrTDogUJpgHOMPhxVirg"
"Norway. Rich and extremely beautiful. Big Episode.";"zyZAMR56mXY";"33M";"–ê–Ω—Ç–æ–Ω –ü—Ç—É—à–∫—ñ–Ω";"ez2Z5RWMQ4I";"https://i.ytimg.com/vi/zyZAMR56mXY/hqdefault.jpg?sqp=-oaymwEmCKgBEF5IWvKriqkDGQgBFQAAiEIYAdgBAeIBCggYEAIYBjgBQAE=&rs=AOn4CLBgBxKhc6Ia3ZggmhhFLzAoCvAW9g"
"–ú–æ—Ä—Å–∫–æ–µ –ø—É—Ç–µ—à–µ—Å—Ç–≤–∏–µ –Ω–∞ –≥–∏–≥–∞–Ω—Ç—Å–∫–æ–º –∫—Ä—É–∏–∑–Ω–æ–º –ª–∞–π–Ω–µ—Ä–µ";"OjHHCD8-uMk";"75K";"–ü–ª–∞–Ω–µ—Ç–∞ –ø—É—Ç–µ—à–µ—Å—Ç–≤–∏–π";"ez2Z5RWMQ4I";"https://i.ytimg.com/vi/OjHHCD8-uMk/hqdefault.jpg?sqp=-oaymwEmCKgBEF5IWvKriqkDGQgBFQAAiEIYAdgBAeIBCggYEAIYBjgBQAE=&rs=AOn4CLDtcP2bTHD0uuX2j-8ZtPaaN2Z51A"
"The storming of a major city has begun / Urgent address by the president";"K9U4G7YY8kw";"897K";"NEXTA Live";"ez2Z5RWMQ4I";"https://i.ytimg.com/vi/K9U4G7YY8kw/hqdefault.jpg?sqp=-oaymwEmCKgBEF5IWvKriqkDGQgBFQAAiEIYAdgBAeIBCggYEAIYBjgBQAE=&rs=AOn4CLBSQKMRN2LERxE9QbQkYzmPeewCRA"
"–°–∞–º—ã–π –±–æ–ª—å—à–æ–π –≤–µ—Ä—Ç–æ–ª–µ—Ç –≤ –º–∏—Ä–µ - –ú–∏-26 // –ê–Ω–∞—Ç–æ–º–∏—è –ú–æ–Ω—Å—Ç—Ä–æ–≤";"xBrRlFKQ_74";"4M";"–ê–Ω–∞—Ç–æ–º–∏—è –ú–æ–Ω—Å—Ç—Ä–æ–≤";"ez2Z5RWMQ4I";"https://i.ytimg.com/vi/xBrRlFKQ_74/hqdefault.jpg?sqp=-oaymwEmCKgBEF5IWvKriqkDGQgBFQAAiEIYAdgBAeIBCggYEAIYBjgBQAE=&rs=AOn4CLDCYWKJzcgVOpkvb7azKWxVgZLlxw"
"–°–∞–º—ã–µ –ë–æ–ª—å—à–∏–µ –ö–æ—Ä–∞–±–ª–∏";"JmzNrXChVqA";"4.5M";"WTF–∞–∫—Ç";"ez2Z5RWMQ4I";"https://i.ytimg.com/vi/JmzNrXChVqA/hqdefault.jpg?sqp=-oaymwEmCKgBEF5IWvKriqkDGQgBFQAAiEIYAdgBAeIBCggYEAIYBjgBQAE=&rs=AOn4CLBGlGooQxDjGWI4QSbgNV6M2O-Efw"
"–°–∞–º—ã–π –¥–ª–∏–Ω–Ω—ã–π –∂–µ–ª–µ–∑–Ω–æ–¥–æ—Ä–æ–∂–Ω—ã–π —Ç—É–Ω–Ω–µ–ª—å –≤ –º–∏—Ä–µ | –ë–û–õ–¨–®–û–ï –∏ –†–∏—á–∞—Ä–¥ –•–∞–º–º–æ–Ω–¥ | Discovery";"YvmPKnDEeBQ";"1.2M";"Discovery Channel –†–æ—Å—Å–∏—è";"ez2Z5RWMQ4I";"https://i.ytimg.com/vi/YvmPKnDEeBQ/hqdefault.jpg?sqp=-oaymwEmCKgBEF5IWvKriqkDGQgBFQAAiEIYAdgBAeIBCggYEAIYBjgBQAE=&rs=AOn4CLAnWodRjSiZi9f1T69-x2kwTLHHsw"
"Namibia. The Africa you have to see!";"N0QblwXyXvo";"22M";"–ê–Ω—Ç–æ–Ω –ü—Ç—É—à–∫—ñ–Ω";"ez2Z5RWMQ4I";"https://i.ytimg.com/vi/N0QblwXyXvo/hqdefault.jpg?sqp=-oaymwEmCKgBEF5IWvKriqkDGQgBFQAAiEIYAdgBAeIBCggYEAIYBjgBQAE=&rs=AOn4CLBiUnL-PvpKwEYSK-nizcBung5J4g"
"–ó–∞–≤–æ–¥ Volkswagen | –ë–û–õ–¨–®–û–ï –∏ –†–∏—á–∞—Ä–¥ –•–∞–º–º–æ–Ω–¥ | Discovery";"vPga4qD2c78";"8.7M";"Discovery Channel –†–æ—Å—Å–∏—è";"ez2Z5RWMQ4I";"https://i.ytimg.com/vi/vPga4qD2c78/hqdefault.jpg?sqp=-oaymwEmCKgBEF5IWvKriqkDGQgBFQAAiEIYAdgBAeIBCggYEAIYBjgBQAE=&rs=AOn4CLCZeQ1ZhPBc65aJnLm9KBNlPUFLsg"
"Lofoten and Svalbard. The Arctic you don't know about. Big Episode";"qBqVqm_DGU4";"20M";"–ê–Ω—Ç–æ–Ω –ü—Ç—É—à–∫—ñ–Ω";"ez2Z5RWMQ4I";"https://i.ytimg.com/vi/qBqVqm_DGU4/hqdefault.jpg?sqp=-oaymwEmCKgBEF5IWvKriqkDGQgBFQAAiEIYAdgBAeIBCggYEAIYBjgBQAE=&rs=AOn4CLC-puds2R7ZtP3BztgVpotimxXG9g"
"–ü–æ–¥–≤–æ–¥–Ω—ã–µ —Ç—Ä—É–±–æ–ø—Ä–æ–≤–æ–¥—ã | –ì–∏–≥–∞–Ω—Ç—Å–∫–∏–µ —Å—Ç—Ä–æ–π–∫–∏ | Discovery";"nPU4Ey3Aurg";"1.9M";"Discovery Channel –†–æ—Å—Å–∏—è";"ez2Z5RWMQ4I";"https://i.ytimg.com/vi/nPU4Ey3Aurg/hqdefault.jpg?sqp=-oaymwEmCKgBEF5IWvKriqkDGQgBFQAAiEIYAdgBAeIBCggYEAIYBjgBQAE=&rs=AOn4CLBK6U4Rvu9MA_DebcJZ3E1FGfdI-Q"
"–ù–µ—Ñ—Ç—è–Ω–∞—è –ø–ª–∞—Ç—Ñ–æ—Ä–º–∞ –≤ –ú–µ–∫—Å–∏–∫–∞–Ω—Å–∫–æ–º –∑–∞–ª–∏–≤–µ | –ë–û–õ–¨–®–û–ï –∏ –†–∏—á–∞—Ä–¥ –•–∞–º–º–æ–Ω–¥ | Discovery";"z61urtzl0tw";"1M";"Discovery Channel –†–æ—Å—Å–∏—è";"ez2Z5RWMQ4I";"https://i.ytimg.com/vi/z61urtzl0tw/hqdefault.jpg?sqp=-oaymwEmCKgBEF5IWvKriqkDGQgBFQAAiEIYAdgBAeIBCggYEAIYBjgBQAE=&rs=AOn4CLDV5rc8dgltGjGOIgbeyfVzdT1scA"
"Hawaii. Oahu in all its glory! Big Episode.";"kwPqZyS2ttA";"18M";"–ê–Ω—Ç–æ–Ω –ü—Ç—É—à–∫—ñ–Ω";"ez2Z5RWMQ4I";"https://i.ytimg.com/vi/kwPqZyS2ttA/hqdefault.jpg?sqp=-oaymwEmCKgBEF5IWvKriqkDGQgBFQAAiEIYAdgBAeIBCggYEAIYBjgBQAE=&rs=AOn4CLBalUm_GxKnS0KG8p_tfCmS0U45fw"
"–õ–ï–û–ù–û–í: ""–í 1965 –ú–Ω–µ –°–ö–ê–ó–ê–õ–ò, –ß—Ç–æ –ü—Ä–æ–∏–∑–æ–π–¥—ë—Ç –≤ 2027""";"kjeLlaDgZ0k";"54K";"–ß–µ—Ä–Ω–∞—è –ü–∞–ø–∫–∞";"ez2Z5RWMQ4I";"https://i.ytimg.com/vi/kjeLlaDgZ0k/hqdefault.jpg?sqp=-oaymwEmCKgBEF5IWvKriqkDGQgBFQAAiEIYAdgBAeIBCggYEAIYBjgBQAE=&rs=AOn4CLAFt6DjcM2mbz4TnCIvD8viU3jaeA"
"The President announced a defeat / Huge losses on the front line";"Ik6p30nA8b4";"854K";"NEXTA Live";"ez2Z5RWMQ4I";"https://i.ytimg.com/vi/Ik6p30nA8b4/hqdefault.jpg?sqp=-oaymwEmCKgBEF5IWvKriqkDGQgBFQAAiEIYAdgBAeIBCggYEAIYBjgBQAE=&rs=AOn4CLDX9Oj6QSNzAuweqy40ZZ-slnLBhw"
"3I ATLAS: Not a Comet, But an Engine? Evidence That Will Change Everything!";"0eCVePnwHwk";"3.5K";"–ù–µ–≤–µ—Ä–æ—è—Ç–Ω—ã–µ –¢–ê–ô–ù–´";"ez2Z5RWMQ4I";"https://i.ytimg.com/vi/0eCVePnwHwk/hqdefault.jpg?sqp=-oaymwEmCKgBEF5IWvKriqkDGQgBFQAAiEIYAdgBAeIBCggYEAIYBjgBQAE=&rs=AOn4CLDFGYuT1yd5FVTcxBCxuUOax3n9gw"
"–ö–∞–∫ –ê–Ω–¥—Ä–æ–ø–æ–≤ –û–¢–û–ú–°–¢–ò–õ –Ω–∞—Å–∏–ª—å–Ω–∏–∫–∞–º —Å–≤–æ–µ–π –¥–æ—á–∫–∏! –ö–ì–ë –†–∞–±–æ—Ç–∞–ª–æ –ë–µ–∑ –ü–æ—â–∞–¥—ã!!!";"JKevkDfwszE";"1M";"–•–†–û–ù–ò–ö–ò –°–û–Æ–ó–ê";"ez2Z5RWMQ4I";"https://i.ytimg.com/vi/JKevkDfwszE/hqdefault.jpg?sqp=-oaymwEmCKgBEF5IWvKriqkDGQgBFQAAiEIYAdgBAeIBCggYEAIYBjgBQAE=&rs=AOn4CLDXe41GDUpp5NXhPfm8ZaJffZl_qA"
"‚ö°Ô∏è Loud resignation in the Kremlin || Is Putin kicking out a traitor?";"ssRqmbBfqjU";"671K";"–í—Ä–µ–º—è –ü—Ä—è–¥–∫–æ";"ez2Z5RWMQ4I";"https://i.ytimg.com/vi/ssRqmbBfqjU/hqdefault.jpg?sqp=-oaymwEmCKgBEF5IWvKriqkDGQgBFQAAiEIYAdgBAeIBCggYEAIYBjgBQAE=&rs=AOn4CLDH3s-kVBRTcMoZWoE-QrPvuFqlZA"
"Noul Air Force One: FortƒÉrea»õa zburƒÉtoare [INTEGRAL]";"7Bd2LBtqPFQ";"124K";"National Geographic Romania";"ez2Z5RWMQ4I";"https://i.ytimg.com/vi/7Bd2LBtqPFQ/hqdefault.jpg?sqp=-oaymwEmCKgBEF5IWvKriqkDGQgBFQAAiEIYAdgBAeIBCggYEAIYBjgBQAE=&rs=AOn4CLDfQnRSL9BZEkCrq1KbRKvZCNscXQ"
"Ukrainian drones struck the Salavat Oil Refinery in the Bashkir buffer zone.";"ku7x8J1WsnM";"54K";"Om TV";"ez2Z5RWMQ4I";"https://i.ytimg.com/vi/ku7x8J1WsnM/hqdefault.jpg?sqp=-oaymwEmCKgBEF5IWvKriqkDGQgBFQAAiEIYAdgBAeIBCggYEAIYBjgBQAE=&rs=AOn4CLBWSFnSxf6e73qWyrAleCFKtfiobQ"
"I Bought The Deadliest Sea Monsters Off The Web‚Ä¶";"-__AixINROU";"6M";"The Fish Guys";"ez2Z5RWMQ4I";"https://i.ytimg.com/vi/-__AixINROU/hqdefault.jpg?sqp=-oaymwEmCKgBEF5IWvKriqkDGQgBFQAAiEIYAdgBAeIBCggYEAIYBjgBQAE=&rs=AOn4CLBXeoSxn87U4PvkM3chEZOgXmVsdQ"
"‚ö°Ô∏è Zelenskyy addressed Russians || Change of power in Ukraine?";"OMBfE-d0wK8";"1.3M";"–í—Ä–µ–º—è –ü—Ä—è–¥–∫–æ";"ez2Z5RWMQ4I";"https://i.ytimg.com/vi/OMBfE-d0wK8/hqdefault.jpg?sqp=-oaymwEmCKgBEF5IWvKriqkDGQgBFQAAiEIYAdgBAeIBCggYEAIYBjgBQAE=&rs=AOn4CLBeSzA57hbpmecZNuJpWFIDg10cYw"
"–°–ê–ú–´–ï –ë–û–õ–¨–®–ò–ï –°–ê–ú–û–õ–ï–¢–´ –í –ú–ò–†–ï";"oN1r9xzmWhc";"624K";"TechZone";"ez2Z5RWMQ4I";"https://i.ytimg.com/vi/oN1r9xzmWhc/hqdefault.jpg?sqp=-oaymwEmCKgBEF5IWvKriqkDGQgBFQAAiEIYAdgBAeIBCggYEAIYBjgBQAE=&rs=AOn4CLCusW7t3VfwmDy2CHH1rIlrr_NR4g"
"–°–∫–æ–ª—å–∫–æ —Å—Ç–æ–∏–ª–∞ —Å–≤–∞–¥—å–±–∞ –º–∏–ª–ª–∏–∞—Ä–¥–µ—Ä–∞ –î–∂–µ—Ñ—Ñ–∞ –ë–µ–∑–æ—Å–∞ | –ü–æ—á–µ–º—É –Ω–µ –ø—Ä–∏–≥–ª–∞—Å–∏–ª–∏ –ú–µ–≥–∞–Ω –ú–∞—Ä–∫–ª";"UGPVdNFXVQY";"27K";"–¶–µ–Ω—Ç—Ä–∞–ª—å–Ω–æ–µ –¢–µ–ª–µ–≤–∏–¥–µ–Ω–∏–µ";"ez2Z5RWMQ4I";"https://i.ytimg.com/vi/UGPVdNFXVQY/hqdefault.jpg?sqp=-oaymwEmCKgBEF5IWvKriqkDGQgBFQAAiEIYAdgBAeIBCggYEAIYBjgBQAE=&rs=AOn4CLA_Hg50SioYNwRkkyFToqIBfwk-GA"
"–í–Ω—É—Ç—Ä–∏ —Å–∞–º–æ–≥–æ –±–æ–ª—å—à–æ–≥–æ –∫—Ä—É–∏–∑–Ω–æ–≥–æ –ª–∞–π–Ω–µ—Ä–∞ –≤ –º–∏—Ä–µ";"ZQGGfESZZWU";"27K";"–§–∞–∫—Ç–æ—Å—Ñ–µ—Ä–∞";"ez2Z5RWMQ4I";"https://i.ytimg.com/vi/ZQGGfESZZWU/hqdefault.jpg?sqp=-oaymwEmCKgBEF5IWvKriqkDGQgBFQAAiEIYAdgBAeIBCggYEAIYBjgBQAE=&rs=AOn4CLDFzktbvJjwaeY9ShRlSd10G9v9eQ"
"Why the Kremlin is so tense about Pugacheva's interview";"mTerr0Bpqy0";"263K";"Dmitry Kolezev";"ez2Z5RWMQ4I";"https://i.ytimg.com/vi/mTerr0Bpqy0/hqdefault.jpg?sqp=-oaymwEmCKgBEF5IWvKriqkDGQgBFQAAiEIYAdgBAeIBCggYEAIYBjgBQAE=&rs=AOn4CLA8ocQ1-MJuAwtY-su7eSoDksgMbQ"
"Dubai in 58 minutes. See the UAE and taste Dubai chocolate";"SHUzTVOT7ZE";"961K";"–°–≤–æ–∏–º –•–æ–¥–æ–º - –í–∏—Ç–∞–ª–∏–∫ –∏ –õ–∏–∑–∞";"ez2Z5RWMQ4I";"https://i.ytimg.com/vi/SHUzTVOT7ZE/hqdefault.jpg?sqp=-oaymwEmCKgBEF5IWvKriqkDGQgBFQAAiEIYAdgBAeIBCggYEAIYBjgBQAE=&rs=AOn4CLBDzwYg0eByG5cUiX9l7EZJPcIS3A"
"–°—Ç–æ–∏—Ç –ª–∏ –µ—Ö–∞—Ç—å –≤ –∫—Ä—É–∏–∑ –ø–æ –°—Ä–µ–¥–∏–∑–µ–º–Ω–æ–º—É –º–æ—Ä—é? –ú–ê–†–®–†–£–¢, –õ–ê–ô–ù–ï–†, –í–ü–ï–ß–ê–¢–õ–ï–ù–ò–Ø –∏ –°–¢–û–ò–ú–û–°–¢–¨";"83jXBEnZY-Y";"974";"Family Travel Vibes";"ez2Z5RWMQ4I";"https://i.ytimg.com/vi/83jXBEnZY-Y/hqdefault.jpg?sqp=-oaymwEmCKgBEF5IWvKriqkDGQgBFQAAiEIYAdgBAeIBCggYEAIYBjgBQAE=&rs=AOn4CLBJZ0aF_FGIt7u2Zxf3WYCfESVgsA"
"The stunning success of this city does not give rest to economists. Dubai";"J_csajqY01k";"4M";"–ò–Ω—Ç–µ—Ä–§–∞–∫—Ç";"ez2Z5RWMQ4I";"https://i.ytimg.com/vi/J_csajqY01k/hqdefault.jpg?sqp=-oaymwEmCKgBEF5IWvKriqkDGQgBFQAAiEIYAdgBAeIBCggYEAIYBjgBQAE=&rs=AOn4CLBDZKDEWP6_qLebSAqQf5P_vxntrA"
"24 hours in the LONELIEST HOUSE on the PLANET!";"cbck_I-SM3E";"1.9M";"Petya English";"ez2Z5RWMQ4I";"https://i.ytimg.com/vi/cbck_I-SM3E/hqdefault.jpg?sqp=-oaymwEmCKgBEF5IWvKriqkDGQgBFQAAiEIYAdgBAeIBCggYEAIYBjgBQAE=&rs=AOn4CLA_WMHq6teQvGvcOYHDtgN_72VZgQ"
"–•–õ–ê–î–ù–û–ö–†–û–í–ù–´–ô –ö–ò–õ–õ–ï–†! –°–∞–º—É—Ä–∞–π. –ê–ª–µ–Ω –î–µ–ª–æ–Ω.";"MF3n956ipGI";"526K";"MovieGo";"ez2Z5RWMQ4I";"https://i.ytimg.com/vi/MF3n956ipGI/hqdefault.jpg?sqp=-oaymwEmCKgBEF5IWvKriqkDGQgBFQAAiEIYAdgBAeIBCggYEAIYBjgBQAE=&rs=AOn4CLBpWcyK77FI0MfqhBkPRU2sMWu-pw"
"‰∫éÊú¶Êúß‰πãÊ≠ªÁ¥∞ÁØÄÊµÅÂá∫ÔºåÊ∂âÂèäÊ≠£ÂúãÁ¥öÂ§ß‰Ω¨ÔºüÈ†ÜËó§Êë∏ÁìúÁÇ∫‰Ωï‰∏ÄÂÆöÊë∏Âà∞‰ªñtaÔºüÔºàÊñáÊò≠Ë´áÂè§Ë´ñ‰ªä20250917Á¨¨1609ÊúüÔºâ";"AsHWDx7uihc";"355K";"ÊñáÊò≠Ë´áÂè§Ë´ñ‰ªä -Wen Zhao Official";"ez2Z5RWMQ4I";"https://i.ytimg.com/vi/AsHWDx7uihc/hqdefault.jpg?sqp=-oaymwEmCKgBEF5IWvKriqkDGQgBFQAAiEIYAdgBAeIBCggYEAIYBjgBQAE=&rs=AOn4CLD1lYRdT6oTLEvFS5iTxzRQ3lTYbg"
"–ú–µ—Å—Ç–∞ –Ω–∞ –ó–µ–º–ª–µ, –∫–æ—Ç–æ—Ä—ã–µ –∫–∞–∂—É—Ç—Å—è –Ω–µ—Ä–µ–∞–ª—å–Ω—ã–º–∏! –ß—É–¥–µ—Å–∞ –ø–ª–∞–Ω–µ—Ç—ã!";"O4wPUbiUKZo";"3.3M";"–ü–ê–†–ê–î–û–ö–°";"ez2Z5RWMQ4I";"https://i.ytimg.com/vi/O4wPUbiUKZo/hqdefault.jpg?sqp=-oaymwEmCKgBEF5IWvKriqkDGQgBFQAAiEIYAdgBAeIBCggYEAIYBjgBQAE=&rs=AOn4CLD3xXzZ3SVttWg7blob97Q00JEN2g"
"#–ê–ª–º–∞–∑ #–±—Ä–∏–ª–ª–∏–∞–Ω—Ç –∫–∞–∫ –∞–ª–º–∞–∑ –ø—Ä–µ–≤—Ä–∞—â–∞–µ—Ç—Å—è –≤ –±—Ä–∏–ª–ª–∏–∞–Ω—Ç";"NAxBqHjll8Y";"12K";"–¢–∞—Ç—å—è–Ω–∞ –°–ª–∞–¥–∫–æ–≤–∞";"ez2Z5RWMQ4I";"https://i.ytimg.com/vi/NAxBqHjll8Y/hqdefault.jpg?sqp=-oaymwEmCKgBEF5IWvKriqkDGQgBFQAAiEIYAdgBAeIBCggYEAIYBjgBQAE=&rs=AOn4CLCeyNTo3nRnj_kPO5WgRr3Bo5tEJA"
"–°–∞–º—ã–µ –±–æ–ª—å—à–∏–µ –±—É–ª—å–¥–æ–∑–µ—Ä—ã –≤ –º–∏—Ä–µ #–≤—Ä–µ–∫ #automobile #–±—É–ª—å–¥–æ–∑–µ—Ä #—Ç–æ–ø";"fKFytRCYPlc";"24K";"–¢–û–û –°–ü–ï–¶–¢–ï–•–ù–ò–ö–ê –ö–ê–ó–ê–•–°–¢–ê–ù";"ez2Z5RWMQ4I";"https://i.ytimg.com/vi/fKFytRCYPlc/hqdefault.jpg?sqp=-oaymwFACKgBEF5IWvKriqkDMwgBFQAAiEIYAdgBAeIBCggYEAIYBjgBQAHwAQH4Af4EgALoAooCDAgAEAEYPiBSKHIwDw==&rs=AOn4CLCAfeslJn-f6xDXMFIFWU2sIVfXRw"
"How Yermak and Zelensky were bent over";"PAegXF21SR4";"1.1M";"–ê–Ω–∞—Ç–æ–ª–∏–π –®–∞—Ä–∏–π";"ez2Z5RWMQ4I";"https://i.ytimg.com/vi/PAegXF21SR4/hqdefault.jpg?sqp=-oaymwEmCKgBEF5IWvKriqkDGQgBFQAAiEIYAdgBAeIBCggYEAIYBjgBQAE=&rs=AOn4CLDf93-sq_f5ShxqC07z6XixCPUANQ"
"–°–∞–º—ã–π –∏–Ω—Å—Ç–∞–≥—Ä–∞–º–Ω—ã–π –æ—Ç–µ–ª—å –≤ –º–∏—Ä–µ - Atlantis the Royal Dubai";"GcXPbAKEMR4";"170K";"–ì–ª–∞–∑–∞–º–∏ —Ç—É—Ä–∞–≥–µ–Ω—Ç–∞";"ez2Z5RWMQ4I";"https://i.ytimg.com/vi/GcXPbAKEMR4/hqdefault.jpg?sqp=-oaymwEmCKgBEF5IWvKriqkDGQgBFQAAiEIYAdgBAeIBCggYEAIYBjgBQAE=&rs=AOn4CLDHFztTzaR8y-psNsKLGHggY8mSjA"
"Ê∏ØÂπ£Á©©ÂÆöÂπ£‰∏ÄÂÄãÊúàËÉéÊ≠ªËÖπ‰∏≠ÔºÅÂ•óÂà©ÈèàË∑ØÂ¶Ç‰ΩïÁÇ∏Á©ø‰∏≠Ê∏ØÂ§ñÂÑ≤Ôºü‰∏âÂ§ßÈ¢®Èö™ÂÖ®Èù¢ÊãÜËß£ÔºåË≥áÈáëÂ§ñÈÄÉË≠¶Â†±ÂÖ®Èù¢ÂçáÁ¥öÔºåÁúãÊ∏ØÂ∫úÂ§ÆÂ™ΩÂ¶Ç‰ΩïËá™Êñ∑ËÑàÔºåÈÄÜËΩâÁÑ°ÊúõÔºÅ";"c8ufulhFjK8";"20K";"‰∏Ä‰∏™Áã†‰∫∫";"ez2Z5RWMQ4I";"https://i.ytimg.com/vi/c8ufulhFjK8/hqdefault.jpg?sqp=-oaymwEmCKgBEF5IWvKriqkDGQgBFQAAiEIYAdgBAeIBCggYEAIYBjgBQAE=&rs=AOn4CLDJcwRbqYJvE1nTJBfXLpmnfJgYzw"
"–ö—Ä—É–∏–∑ –Ω–∞ —Å–∞–º–æ–º –±–æ–ª—å—à–æ–º –ª–∞–π–Ω–µ—Ä–µ –≤ –º–∏—Ä–µ —Å –¥–µ—Ç—å–º–∏ üò±üõ≥ Icon of the Seas!";"y7HB_F6imJM";"1.5K";"Valler's Family";"ez2Z5RWMQ4I";"https://i.ytimg.com/vi/y7HB_F6imJM/hqdefault.jpg?sqp=-oaymwEmCKgBEF5IWvKriqkDGQgBFQAAiEIYAdgBAeIBCggYEAIYBjgBQAE=&rs=AOn4CLBdi-MqnT4lbS1Ry3Mv6yvmxBy21Q"
"–°–∞–º—ã–µ –º–∞—Å—à—Ç–∞–±–Ω—ã–µ —Ç–≤–æ—Ä–µ–Ω–∏—è —á–µ–ª–æ–≤–µ–∫–∞ | –ë–û–õ–¨–®–û–ï –∏ –†–∏—á–∞—Ä–¥ –•–∞–º–º–æ–Ω–¥ | Discovery";"2oDGqSBxjJE";"1.3M";"Discovery Channel –†–æ—Å—Å–∏—è";"ez2Z5RWMQ4I";"https://i.ytimg.com/vi/2oDGqSBxjJE/hqdefault.jpg?sqp=-oaymwEmCKgBEF5IWvKriqkDGQgBFQAAiEIYAdgBAeIBCggYEAIYBjgBQAE=&rs=AOn4CLBXJZY72tqltPTzY-6RHq5P8WRHlw"
"–í –≠—Ç–æ –ù–µ–≤–æ–∑–º–æ–∂–Ω–æ –ü–æ–≤–µ—Ä–∏—Ç—å, –Ω–æ –≤ –≠—Ç–∏—Ö –î–æ–º–∞—Ö –ñ–∏–≤—É—Ç –õ—é–¥–∏";"fwBBowbSiL8";"8.8M";"–ú–∞—Å—Ç–µ—Ä—Å–∫–∞—è –ù–∞—Å—Ç—Ä–æ–µ–Ω–∏—è";"ez2Z5RWMQ4I";"https://i.ytimg.com/vi/fwBBowbSiL8/hqdefault.jpg?sqp=-oaymwEmCKgBEF5IWvKriqkDGQgBFQAAiEIYAdgBAeIBCggYEAIYBjgBQAE=&rs=AOn4CLDy3SrztHWMF6NkGRUJUEXOVnAh9w"
"–ù–ï–§–¢–Ø–ù–´–ï –ü–õ–ê–¢–§–û–†–ú–´ –∏–ª–∏ OIL RIGS";"3G66DqwNRVA";"239K";"–î–Ω–µ–≤–Ω–∏–∫ –ú–æ—Ä—è–∫–∞";"ez2Z5RWMQ4I";"https://i.ytimg.com/vi/3G66DqwNRVA/hqdefault.jpg?sqp=-oaymwEmCKgBEF5IWvKriqkDGQgBFQAAiEIYAdgBAeIBCggYEAIYBjgBQAE=&rs=AOn4CLBL_fP2wSWTpxokdT5qqnI67M1K5w"
"–°–±–æ—Ä–Ω–∏–∫ –°–∞–º—ã—Ö –õ—É—á—à–∏—Ö –°–º–µ—à–Ω—ã—Ö –ù–æ–º–µ—Ä–æ–≤ 2023 - –£—Ä–∞–ª—å—Å–∫–∏–µ –ü–µ–ª—å–º–µ–Ω–∏";"UNIvkTXu4_E";"6M";"–°–ú–ï–•–û–í–ê–†";"ez2Z5RWMQ4I";"https://i.ytimg.com/vi/UNIvkTXu4_E/hqdefault.jpg?sqp=-oaymwEmCKgBEF5IWvKriqkDGQgBFQAAiEIYAdgBAeIBCggYEAIYBjgBQAE=&rs=AOn4CLC9PJjNnjIy7EsWCiGsAdmQOP_mgA"
"Amazing countries whose existence is hard to believe";"-jjrCEjqM-c";"5.4M";"–ò–Ω—Ç–µ—Ä–§–∞–∫—Ç";"ez2Z5RWMQ4I";"https://i.ytimg.com/vi/-jjrCEjqM-c/hqdefault.jpg?sqp=-oaymwEmCKgBEF5IWvKriqkDGQgBFQAAiEIYAdgBAeIBCggYEAIYBjgBQAE=&rs=AOn4CLAuCoG9c-MehJdf2xhsWSSM9OgXFg"
"–≠–∫—Å—Ç—Ä–µ–Ω–Ω—ã–µ –Ω–æ–≤–æ—Å—Ç–∏. –†–µ—à–µ–Ω–∏–µ –¢—Ä–∞–º–ø–∞ –ø–æ –£–∫—Ä–∞–∏–Ω–µ. –ù–æ–≤—ã–µ –ø–µ—Ä–µ–≥–æ–≤–æ—Ä—ã. –ù–∞–ø–∞–¥–µ–Ω–∏–µ –Ω–∞ –ü–æ–ª—å—à—É. –ú–æ–±–∏–ª–∏–∑–∞—Ü–∏—è";"73rx8w3ej1s";"41K";"EXTRA NEWS 2025";"ez2Z5RWMQ4I";"https://i.ytimg.com/vi/73rx8w3ej1s/hqdefault.jpg?sqp=-oaymwEmCKgBEF5IWvKriqkDGQgBFQAAiEIYAdgBAeIBCggYEAIYBjgBQAE=&rs=AOn4CLCBSfvYyMEIjfUVoba1BZ8VSDyekg"
"Is today some kind of holiday?! September 17th is International Gnome Day.";"JFStlyvBhlc";"570K";"–û–±–º–∞–Ω—É—Ç—ã–π –†–æ—Å—Å–∏—è–Ω–∏–Ω";"ez2Z5RWMQ4I";"https://i.ytimg.com/vi/JFStlyvBhlc/hqdefault.jpg?sqp=-oaymwEmCKgBEF5IWvKriqkDGQgBFQAAiEIYAdgBAeIBCggYEAIYBjgBQAE=&rs=AOn4CLAeWjkjqWSJ8Dz6oUFtYIa8TFEEuA"
"–í—Å—è –ø—Ä–∞–≤–¥–∞ –æ –∫—Ä—É–∏–∑–µ –Ω–∞ –∫–æ—Ä–∞–±–ª–µ MSC Seaview";"tWxxJpew1w4";"14K";"Marina Branduzzi";"ez2Z5RWMQ4I";"https://i.ytimg.com/vi/tWxxJpew1w4/hqdefault.jpg?sqp=-oaymwEmCKgBEF5IWvKriqkDGQgBFQAAiEIYAdgBAeIBCggYEAIYBjgBQAE=&rs=AOn4CLBsRZG1RVqDw91ss2czGsk56FBfQw"
"Austria in 4K Drone: Breathtaking Alpine Aerial Tour | Scenic Austria from Above";"gRHVLWpk_Tc";"8.3K";"SKYLENS";"ez2Z5RWMQ4I";"https://i.ytimg.com/vi/gRHVLWpk_Tc/hqdefault.jpg?sqp=-oaymwEmCKgBEF5IWvKriqkDGQgBFQAAiEIYAdgBAeIBCggYEAIYBjgBQAE=&rs=AOn4CLAthGz6mSyzKaWkRyGotszVfdK3Eg"
"–ú–ï–°–¢–¨ –û–¢–¶–ê: –ö–ê–ö –ê–Ω–¥—Ä–æ–ø–æ–≤ –°–¢–Å–† –ù–ê–°–ò–õ–¨–ù–ò–ö–û–í –¥–æ—á–µ—Ä–∏ —Å –ª–∏—Ü–∞ –∑–µ–º–ª–∏?";"yqI_Wq_nOBc";"67K";"–¢–∏—Ö–∏–π –£–º";"ez2Z5RWMQ4I";"https://i.ytimg.com/vi/yqI_Wq_nOBc/hqdefault.jpg?sqp=-oaymwEmCKgBEF5IWvKriqkDGQgBFQAAiEIYAdgBAeIBCggYEAIYBjgBQAE=&rs=AOn4CLCfEQHHcqA5Mo1mhRwyAqzFtCNbRg"
"Solovyov revealed the UAV center in Moscow - well, that's it, Volodya, you've had enough.";"7drKo9zWVmo";"56K";"–ù–æ–≤–æ—Å—Ç–∏ –°–í–ï–†–•–î–ï–†–ñ–ê–í–´";"ez2Z5RWMQ4I";"https://i.ytimg.com/vi/7drKo9zWVmo/hqdefault.jpg?sqp=-oaymwEmCKgBEF5IWvKriqkDGQgBFQAAiEIYAdgBAeIBCggYEAIYBjgBQAE=&rs=AOn4CLCU7qPM1ScX8y0z-ADG1XaLJBqydg"
"–ü—É—Ç–µ—à–µ—Å—Ç–≤–∏–µ –Ω–∞ –ö—Ä—É–∏–∑–Ω–æ–º –õ–∞–π–Ω–µ—Ä–µ AIDA PRIMA —á–∞—Å—Ç—å-1 –ì–ê–ú–ë–£–†–ì 4K";"DE2hhA7YfdY";"368";"GERMAN WALKER 1994";"ez2Z5RWMQ4I";"https://i.ytimg.com/vi/DE2hhA7YfdY/hqdefault.jpg?sqp=-oaymwEmCKgBEF5IWvKriqkDGQgBFQAAiEIYAdgBAeIBCggYEAIYBjgBQAE=&rs=AOn4CLAk9aboPk0Q0a6CuVoMVZIWlEHSUA"
"–í–æ—Ç –≠—Ç–æ –ü–æ–≤–æ—Ä–æ—Ç! –î–µ—Ä–±–µ–Ω—Ç –ê–∑–µ—Ä–±–∞–π–¥–∂–∞–Ω—Å–∫–∏–π –ì–æ—Ä–æ–¥ –∏ –†–æ—Å—Å–∏—è –î–æ–ª–∂–Ω–∞ –í–µ—Ä–Ω—É—Ç—å –ï–≥–æ.";"99GdSYVqLHE";"20K";"–í–æ–ª–Ω–∞ –°–æ–±—ã—Ç–∏–π";"ez2Z5RWMQ4I";"https://i.ytimg.com/vi/99GdSYVqLHE/hqdefault.jpg?sqp=-oaymwEmCKgBEF5IWvKriqkDGQgBFQAAiEIYAdgBAeIBCggYEAIYBjgBQAE=&rs=AOn4CLBv2WIrFNv2pvP4Ri8wIPjDUFT4Xg"
"¬´–ó–Ω–∞–µ—Ç–µ –ª–∏ –≤—ã, —á—Ç–æ?2025¬ª || üí• –í—ã—Å–æ—Ç–∞ (20.04.2025) üí•|| FULL 1080HD";"WA9XLfXXgB4";"181";"abaniya123";"ez2Z5RWMQ4I";"https://i.ytimg.com/vi/WA9XLfXXgB4/hqdefault.jpg?sqp=-oaymwEmCKgBEF5IWvKriqkDGQgBFQAAiEIYAdgBAeIBCggYEAIYBjgBQAE=&rs=AOn4CLDEpZmMwCL0W1rloSgUYeOqcJt6-A"
"¬´–ú–∏-26 ‚Äî —Å–∞–º—ã–π –±–æ–ª—å—à–æ–π –≤–µ—Ä—Ç–æ–ª—ë—Ç –≤ –º–∏—Ä–µ! –õ–µ–≥–µ–Ω–¥–∞ —Ä–æ—Å—Å–∏–π—Å–∫–æ–π";"I5XVhDc8XrQ";"549";"Russian BoomZone";"ez2Z5RWMQ4I";"https://i.ytimg.com/vi/I5XVhDc8XrQ/hqdefault.jpg?sqp=-oaymwEmCKgBEF5IWvKriqkDGQgBFQAAiEIYAdgBAeIBCggYEAIYBjgBQAE=&rs=AOn4CLAf5UTZps2SLQV1541arrrxLPvoxQ"
"–õ–µ–≥–µ–Ω–¥–∞—Ä–Ω—ã–µ —Å–æ–≤–µ—Ç—Å–∫–∏–µ –ª–∞–π–Ω–µ—Ä—ã –∫–ª–∞—Å—Å–∞ ¬´–ò–≤–∞–Ω –§—Ä–∞–Ω–∫–æ¬ª ‚Äî –ò—Å—Ç–æ—Ä–∏—è –æ–∫–µ–∞–Ω—Å–∫–∏—Ö –≥–∏–≥–∞–Ω—Ç–æ–≤";"NQlZOR3UmmU";"492";"Luxe Drive 012";"ez2Z5RWMQ4I";"https://i.ytimg.com/vi/NQlZOR3UmmU/hqdefault.jpg?sqp=-oaymwEmCKgBEF5IWvKriqkDGQgBFQAAiEIYAdgBAeIBCggYEAIYBjgBQAE=&rs=AOn4CLD6d1HGHioDJH7nDWDXqUVV9leC6Q"
"3I/ATLAS Connects With Mysterious Structures | And Color Change Heralds Something Big";"cdqr4ILMrOg";"17K";"–∞–∑–∞ –ø—Ä–µ–¥–µ–ª–∞–º–∏ –≥–∞–ª–∞–∫—Ç–∏–∫–∏";"ez2Z5RWMQ4I";"https://i.ytimg.com/vi/cdqr4ILMrOg/hqdefault.jpg?sqp=-oaymwEmCKgBEF5IWvKriqkDGQgBFQAAiEIYAdgBAeIBCggYEAIYBjgBQAE=&rs=AOn4CLCYFxTd5OBChv3VmsAEDlxuWJ4qKA"